M/W,Season,Match,Y/M/D,Pool,Week,City,Country,Team,VS_Team,SET_Won,SET_Lost,Point1,Point2,Point3,Point4,Point5,VS_Point1,VS_Point2,VS_Point3,VS_Point4,VS_Point5,SET,Total ABSABS,Attack PointsA Pts,Block PointsB Pts,Serve PointsS Pts,ErrorsErr,PointPt,ErrorsErr,AttemptsAtt,TotalTot.,PointPt,ErrorsErr,TouchesTouches,TotalTot.,PointPt,ErrorsErr,AttemptsAtt,TotalTot.,SuccessfulSuccessful,ErrorsErr,AttemptsAtt,TotalTot.,DigsDig,ErrorsErr,TotalTot.,PointPt,ErrorsErr,AttemptsAtt,TotalTot.
Men,2026,1,2026/9/4,B,Preliminary,Fukuoka,Japan,Iran,New Zealand,3,0,25,25,25,-,-,15,12,22,-,-,ALL,42,35,5,2,-,35,7,7,49,5,12,8,25,2,8,63,73,11,3,20,34,18,6,27,26,0,25,51
Men,2026,1,2026/9/4,B,Preliminary,Fukuoka,Japan,Iran,New Zealand,3,0,25,25,25,-,-,15,12,22,-,-,1,15,12,2,1,-,12,2,2,16,2,6,1,9,1,3,20,24,5,0,4,9,6,2,9,7,0,9,16
Men,2026,1,2026/9/4,B,Preliminary,Fukuoka,Japan,Iran,New Zealand,3,0,25,25,25,-,-,15,12,22,-,-,2,12,9,3,0,-,9,2,2,13,3,0,2,5,0,3,22,25,1,1,6,8,6,2,8,6,0,7,13
Men,2026,1,2026/9/4,B,Preliminary,Fukuoka,Japan,Iran,New Zealand,3,0,25,25,25,-,-,15,12,22,-,-,3,15,14,0,1,-,14,3,3,20,0,6,5,11,1,2,21,24,5,2,10,17,6,2,10,13,0,9,22
Men,2026,1,2026/9/4,B,Preliminary,Fukuoka,Japan,New Zealand,Iran,0,3,15,12,22,-,-,25,25,25,-,-,ALL,41,31,7,3,-,31,17,21,69,7,10,5,22,3,17,31,51,23,2,40,65,7,8,21,15,4,57,76
Men,2026,1,2026/9/4,B,Preliminary,Fukuoka,Japan,New Zealand,Iran,0,3,15,12,22,-,-,25,25,25,-,-,1,12,10,2,0,-,10,5,5,20,2,0,1,3,0,7,9,16,7,1,13,21,1,5,6,3,0,18,21
Men,2026,1,2026/9/4,B,Preliminary,Fukuoka,Japan,New Zealand,Iran,0,3,15,12,22,-,-,25,25,25,-,-,2,9,6,2,1,-,6,10,7,23,2,3,1,6,1,4,7,12,8,0,14,22,2,1,5,7,2,17,26
Men,2026,1,2026/9/4,B,Preliminary,Fukuoka,Japan,New Zealand,Iran,0,3,15,12,22,-,-,25,25,25,-,-,3,20,15,3,2,-,15,2,9,26,3,7,3,13,2,6,15,23,8,1,13,22,4,2,10,5,2,22,29
Men,2026,2,2026/9/4,C,Preliminary,Fukuoka,Japan,Korea,Chinese Taipei,3,1,29,19,25,25,-,27,25,15,15,-,ALL,73,52,16,5,-,52,16,26,94,16,26,16,58,5,9,84,98,19,1,48,68,21,8,44,39,0,54,93
Men,2026,2,2026/9/4,C,Preliminary,Fukuoka,Japan,Korea,Chinese Taipei,3,1,29,19,25,25,-,27,25,15,15,-,1,19,15,4,0,-,15,4,3,22,4,10,3,17,0,3,26,29,6,0,15,21,1,4,7,12,0,10,22
Men,2026,2,2026/9/4,C,Preliminary,Fukuoka,Japan,Korea,Chinese Taipei,3,1,29,19,25,25,-,27,25,15,15,-,2,15,12,2,1,-,12,5,11,28,2,9,2,13,1,3,16,20,4,0,17,21,6,3,11,12,0,16,28
Men,2026,2,2026/9/4,C,Preliminary,Fukuoka,Japan,Korea,Chinese Taipei,3,1,29,19,25,25,-,27,25,15,15,-,3,20,12,4,4,-,12,5,5,22,4,3,8,15,4,0,20,24,4,0,9,13,8,0,15,8,0,15,23
Men,2026,2,2026/9/4,C,Preliminary,Fukuoka,Japan,Korea,Chinese Taipei,3,1,29,19,25,25,-,27,25,15,15,-,4,19,13,6,0,-,13,2,7,22,6,4,3,13,0,3,22,25,5,1,7,13,6,1,11,7,0,13,20
Men,2026,2,2026/9/4,C,Preliminary,Fukuoka,Japan,Chinese Taipei,Korea,1,3,27,25,15,15,-,29,19,25,25,-,ALL,66,56,9,1,-,56,24,35,115,9,26,17,52,1,15,67,83,14,5,70,89,25,12,47,46,1,69,116
Men,2026,2,2026/9/4,C,Preliminary,Fukuoka,Japan,Chinese Taipei,Korea,1,3,27,25,15,15,-,29,19,25,25,-,1,22,20,2,0,-,20,7,6,33,2,5,1,8,0,7,21,28,5,0,21,26,6,5,13,13,0,21,34
Men,2026,2,2026/9/4,C,Preliminary,Fukuoka,Japan,Chinese Taipei,Korea,1,3,27,25,15,15,-,29,19,25,25,-,2,19,17,2,0,-,17,3,7,27,2,7,8,17,0,3,21,24,2,1,14,17,9,3,14,14,0,13,27
Men,2026,2,2026/9/4,C,Preliminary,Fukuoka,Japan,Chinese Taipei,Korea,1,3,27,25,15,15,-,29,19,25,25,-,3,13,10,3,0,-,10,5,13,28,3,6,4,13,0,3,13,16,3,4,17,24,5,1,10,12,1,15,28
Men,2026,2,2026/9/4,C,Preliminary,Fukuoka,Japan,Chinese Taipei,Korea,1,3,27,25,15,15,-,29,19,25,25,-,4,12,9,2,1,-,9,9,9,27,2,8,4,14,1,2,12,15,4,0,18,22,5,3,10,7,0,20,27
Men,2026,3,2026/9/4,A,Preliminary,Fukuoka,Japan,Japan,Oman,3,1,25,25,20,25,-,18,13,25,9,-,ALL,67,46,10,11,-,46,11,26,83,10,18,9,37,11,9,74,94,10,1,36,47,34,16,55,40,0,42,82
Men,2026,3,2026/9/4,A,Preliminary,Fukuoka,Japan,Japan,Oman,3,1,25,25,20,25,-,18,13,25,9,-,1,21,15,4,2,-,15,2,12,29,4,5,2,11,2,3,20,25,5,1,9,15,10,3,16,15,0,12,27
Men,2026,3,2026/9/4,A,Preliminary,Fukuoka,Japan,Japan,Oman,3,1,25,25,20,25,-,18,13,25,9,-,2,19,12,2,5,-,12,0,6,18,2,5,1,8,5,2,17,24,1,0,8,9,9,3,12,7,0,11,18
Men,2026,3,2026/9/4,A,Preliminary,Fukuoka,Japan,Japan,Oman,3,1,25,25,20,25,-,18,13,25,9,-,3,13,10,1,2,-,10,8,5,23,1,5,1,7,2,2,17,21,4,0,14,18,5,8,15,10,0,13,23
Men,2026,3,2026/9/4,A,Preliminary,Fukuoka,Japan,Japan,Oman,3,1,25,25,20,25,-,18,13,25,9,-,4,14,9,3,2,-,9,1,3,13,3,3,5,11,2,2,20,24,0,0,5,5,10,2,12,8,0,6,14
Men,2026,3,2026/9/4,A,Preliminary,Fukuoka,Japan,Oman,Japan,1,3,18,13,25,9,-,25,25,20,25,-,ALL,50,42,7,1,-,42,16,34,92,7,11,12,30,1,19,46,66,13,11,61,85,21,16,45,17,1,78,96
Men,2026,3,2026/9/4,A,Preliminary,Fukuoka,Japan,Oman,Japan,1,3,18,13,25,9,-,25,25,20,25,-,1,14,12,1,1,-,12,4,7,23,1,5,6,12,1,3,14,18,2,2,18,22,7,5,16,4,1,22,27
Men,2026,3,2026/9/4,A,Preliminary,Fukuoka,Japan,Oman,Japan,1,3,18,13,25,9,-,25,25,20,25,-,2,9,9,0,0,-,9,3,10,22,0,1,3,4,0,5,9,14,1,5,16,22,5,3,8,2,0,19,21
Men,2026,3,2026/9/4,A,Preliminary,Fukuoka,Japan,Oman,Japan,1,3,18,13,25,9,-,25,25,20,25,-,3,21,15,6,0,-,15,2,6,23,6,2,1,9,0,6,18,24,2,2,15,19,6,4,11,6,0,17,23
Men,2026,3,2026/9/4,A,Preliminary,Fukuoka,Japan,Oman,Japan,1,3,18,13,25,9,-,25,25,20,25,-,4,6,6,0,0,-,6,7,11,24,0,3,2,5,0,5,5,10,8,2,12,22,3,4,10,5,0,20,25
Men,2026,4,2026/9/5,A,Preliminary,Fukuoka,Japan,Australia,Bahrain,3,0,25,25,25,-,-,20,18,21,-,-,ALL,59,44,9,6,-,44,11,24,79,9,14,13,36,6,17,50,73,13,2,39,54,21,8,35,29,1,48,78
Men,2026,4,2026/9/5,A,Preliminary,Fukuoka,Japan,Australia,Bahrain,3,0,25,25,25,-,-,20,18,21,-,-,1,19,11,6,2,-,11,4,11,26,6,5,3,14,2,7,15,24,6,1,13,20,6,2,10,8,0,18,26
Men,2026,4,2026/9/5,A,Preliminary,Fukuoka,Japan,Australia,Bahrain,3,0,25,25,25,-,-,20,18,21,-,-,2,18,16,1,1,-,16,3,10,29,1,5,4,10,1,3,21,25,3,1,10,14,12,5,21,10,0,19,29
Men,2026,4,2026/9/5,A,Preliminary,Fukuoka,Japan,Australia,Bahrain,3,0,25,25,25,-,-,20,18,21,-,-,3,22,17,2,3,-,17,4,3,24,2,4,6,12,3,7,14,24,4,0,16,20,3,1,4,11,1,11,23
Men,2026,4,2026/9/5,A,Preliminary,Fukuoka,Japan,Bahrain,Australia,0,3,20,18,21,-,-,25,25,25,-,-,ALL,34,28,4,2,-,28,16,24,68,4,17,10,31,2,7,52,61,6,6,44,56,18,10,39,15,1,56,72
Men,2026,4,2026/9/5,A,Preliminary,Fukuoka,Japan,Bahrain,Australia,0,3,20,18,21,-,-,25,25,25,-,-,1,11,8,2,1,-,8,10,6,24,2,5,4,11,1,1,19,21,1,2,14,17,9,3,15,6,0,20,26
Men,2026,4,2026/9/5,A,Preliminary,Fukuoka,Japan,Bahrain,Australia,0,3,20,18,21,-,-,25,25,25,-,-,2,13,11,1,1,-,11,3,11,25,1,6,4,11,1,4,13,18,1,1,20,22,6,4,13,6,1,18,25
Men,2026,4,2026/9/5,A,Preliminary,Fukuoka,Japan,Bahrain,Australia,0,3,20,18,21,-,-,25,25,25,-,-,3,10,9,1,0,-,9,3,7,19,1,6,2,9,0,2,20,22,4,3,10,17,3,3,11,3,0,18,21
Men,2026,5,2026/9/5,B,Preliminary,Fukuoka,Japan,China,India,3,0,25,28,27,-,-,21,26,25,-,-,ALL,55,45,9,1,-,45,11,28,84,9,14,13,36,1,17,60,78,18,5,35,58,29,10,45,24,0,61,85
Men,2026,5,2026/9/5,B,Preliminary,Fukuoka,Japan,China,India,3,0,25,28,27,-,-,21,26,25,-,-,1,17,14,3,0,-,14,4,7,25,3,4,0,7,0,4,20,24,4,0,13,17,7,4,11,4,0,19,23
Men,2026,5,2026/9/5,B,Preliminary,Fukuoka,Japan,China,India,3,0,25,28,27,-,-,21,26,25,-,-,2,19,15,3,1,-,15,3,12,30,3,3,3,9,1,7,20,28,7,2,11,20,11,5,17,11,0,19,30
Men,2026,5,2026/9/5,B,Preliminary,Fukuoka,Japan,China,India,3,0,25,28,27,-,-,21,26,25,-,-,3,19,16,3,0,-,16,4,9,29,3,7,10,20,0,6,20,26,7,3,11,21,11,1,17,9,0,23,32
Men,2026,5,2026/9/5,B,Preliminary,Fukuoka,Japan,India,China,0,3,21,26,25,-,-,25,28,27,-,-,ALL,50,39,6,5,-,39,16,30,85,6,13,10,29,5,16,53,74,18,1,41,60,24,10,47,20,1,67,88
Men,2026,5,2026/9/5,B,Preliminary,Fukuoka,Japan,India,China,0,3,21,26,25,-,-,25,28,27,-,-,1,15,13,2,0,-,13,6,5,24,2,3,2,7,0,5,17,22,5,0,15,20,6,3,10,5,0,19,24
Men,2026,5,2026/9/5,B,Preliminary,Fukuoka,Japan,India,China,0,3,21,26,25,-,-,25,28,27,-,-,2,17,14,1,2,-,14,5,10,29,1,4,5,10,2,6,18,26,3,1,17,21,10,3,16,3,1,26,30
Men,2026,5,2026/9/5,B,Preliminary,Fukuoka,Japan,India,China,0,3,21,26,25,-,-,25,28,27,-,-,3,18,12,3,3,-,12,5,15,32,3,6,3,12,3,5,18,26,10,0,9,19,8,4,21,12,0,22,34
Men,2026,6,2026/9/5,C,Preliminary,Fukuoka,Japan,Qatar,Thailand,0,3,22,19,14,-,-,25,25,25,-,-,ALL,40,28,10,2,-,28,16,25,69,10,19,9,38,2,12,42,56,11,6,45,62,12,7,29,29,2,44,75
Men,2026,6,2026/9/5,C,Preliminary,Fukuoka,Japan,Qatar,Thailand,0,3,22,19,14,-,-,25,25,25,-,-,1,16,8,6,2,-,8,5,12,25,6,7,3,16,2,4,16,22,3,2,16,21,4,3,13,10,0,19,29
Men,2026,6,2026/9/5,C,Preliminary,Fukuoka,Japan,Qatar,Thailand,0,3,22,19,14,-,-,25,25,25,-,-,2,15,13,2,0,-,13,4,6,23,2,7,6,15,0,4,16,20,6,3,12,21,5,1,9,13,0,11,24
Men,2026,6,2026/9/5,C,Preliminary,Fukuoka,Japan,Qatar,Thailand,0,3,22,19,14,-,-,25,25,25,-,-,3,9,7,2,0,-,7,7,7,21,2,5,0,7,0,4,10,14,2,1,17,20,3,3,7,6,2,14,22
Men,2026,6,2026/9/5,C,Preliminary,Fukuoka,Japan,Thailand,Qatar,3,0,25,25,25,-,-,22,19,14,-,-,ALL,47,36,5,6,-,36,13,24,73,5,10,12,27,6,12,56,74,5,2,37,44,27,8,39,32,0,41,73
Men,2026,6,2026/9/5,C,Preliminary,Fukuoka,Japan,Thailand,Qatar,3,0,25,25,25,-,-,22,19,14,-,-,1,17,14,1,2,-,14,8,9,31,1,0,6,7,2,4,19,25,1,2,15,18,13,4,20,14,0,18,32
Men,2026,6,2026/9/5,C,Preliminary,Fukuoka,Japan,Thailand,Qatar,3,0,25,25,25,-,-,22,19,14,-,-,2,16,12,1,3,-,12,3,11,26,1,5,2,8,3,3,18,24,2,0,14,16,8,3,12,12,0,13,25
Men,2026,6,2026/9/5,C,Preliminary,Fukuoka,Japan,Thailand,Qatar,3,0,25,25,25,-,-,22,19,14,-,-,3,14,10,3,1,-,10,2,4,16,3,5,4,12,1,5,19,25,2,0,8,10,6,1,7,6,0,10,16
Men,2026,7,2026/9/6,B,Preliminary,Fukuoka,Japan,Iran,India,3,0,25,28,25,-,-,20,26,18,-,-,ALL,66,47,16,3,-,47,10,25,82,16,14,13,43,3,10,64,77,9,4,44,57,31,12,45,22,0,60,82
Men,2026,7,2026/9/6,B,Preliminary,Fukuoka,Japan,Iran,India,3,0,25,28,25,-,-,20,26,18,-,-,1,20,14,5,1,-,14,5,9,28,5,4,5,14,1,4,20,25,2,0,15,17,12,2,15,7,0,20,27
Men,2026,7,2026/9/6,B,Preliminary,Fukuoka,Japan,Iran,India,3,0,25,28,25,-,-,20,26,18,-,-,2,26,20,4,2,-,20,3,8,31,4,5,5,14,2,2,23,27,4,4,17,25,11,6,18,9,0,23,32
Men,2026,7,2026/9/6,B,Preliminary,Fukuoka,Japan,Iran,India,3,0,25,28,25,-,-,20,26,18,-,-,3,20,13,7,0,-,13,2,8,23,7,5,3,15,0,4,21,25,3,0,12,15,8,4,12,6,0,17,23
Men,2026,7,2026/9/6,B,Preliminary,Fukuoka,Japan,India,Iran,0,3,20,26,18,-,-,25,28,25,-,-,ALL,48,39,5,4,-,39,20,33,92,5,12,11,28,4,8,53,65,24,3,40,67,27,10,43,17,0,77,94
Men,2026,7,2026/9/6,B,Preliminary,Fukuoka,Japan,India,Iran,0,3,20,26,18,-,-,25,28,25,-,-,1,12,11,1,0,-,11,7,12,30,1,3,4,8,0,3,17,20,7,1,13,21,8,2,14,6,0,25,31
Men,2026,7,2026/9/6,B,Preliminary,Fukuoka,Japan,India,Iran,0,3,20,26,18,-,-,25,28,25,-,-,2,22,16,2,4,-,16,4,13,33,2,7,5,14,4,2,21,27,12,2,11,25,11,5,17,8,0,26,34
Men,2026,7,2026/9/6,B,Preliminary,Fukuoka,Japan,India,Iran,0,3,20,26,18,-,-,25,28,25,-,-,3,14,12,2,0,-,12,9,8,29,2,2,2,6,0,3,15,18,5,0,16,21,8,3,12,3,0,26,29
Men,2026,8,2026/9/6,C,Preliminary,Fukuoka,Japan,Qatar,Chinese Taipei,0,3,19,22,26,-,-,25,25,28,-,-,ALL,51,38,8,5,-,38,19,32,89,8,16,13,37,5,14,49,68,10,3,57,70,19,12,39,25,0,61,86
Men,2026,8,2026/9/6,C,Preliminary,Fukuoka,Japan,Qatar,Chinese Taipei,0,3,19,22,26,-,-,25,25,28,-,-,1,15,13,2,0,-,13,6,8,27,2,5,5,12,0,3,16,19,2,3,17,22,8,4,14,4,0,23,27
Men,2026,8,2026/9/6,C,Preliminary,Fukuoka,Japan,Qatar,Chinese Taipei,0,3,19,22,26,-,-,25,25,28,-,-,2,17,14,1,2,-,14,4,11,29,1,9,4,14,2,3,18,23,4,0,18,22,4,5,12,14,0,14,28
Men,2026,8,2026/9/6,C,Preliminary,Fukuoka,Japan,Qatar,Chinese Taipei,0,3,19,22,26,-,-,25,25,28,-,-,3,19,11,5,3,-,11,9,13,33,5,2,4,11,3,8,15,26,4,0,22,26,7,3,13,7,0,24,31
Men,2026,8,2026/9/6,C,Preliminary,Fukuoka,Japan,Chinese Taipei,Qatar,3,0,25,25,28,-,-,19,22,26,-,-,ALL,55,40,12,3,-,40,17,24,81,12,13,16,41,3,7,67,77,12,5,37,54,23,6,36,25,0,49,74
Men,2026,8,2026/9/6,C,Preliminary,Fukuoka,Japan,Chinese Taipei,Qatar,3,0,25,25,28,-,-,19,22,26,-,-,1,20,13,4,3,-,13,3,8,24,4,4,6,14,3,3,19,25,3,0,13,16,5,0,8,8,0,14,22
Men,2026,8,2026/9/6,C,Preliminary,Fukuoka,Japan,Chinese Taipei,Qatar,3,0,25,25,28,-,-,19,22,26,-,-,2,19,17,2,0,-,17,4,8,29,2,5,5,12,0,2,22,24,5,2,13,20,7,3,13,12,0,14,26
Men,2026,8,2026/9/6,C,Preliminary,Fukuoka,Japan,Chinese Taipei,Qatar,3,0,25,25,28,-,-,19,22,26,-,-,3,16,10,6,0,-,10,10,8,28,6,4,5,15,0,2,26,28,4,3,11,18,11,3,15,5,0,21,26
Men,2026,9,2026/9/6,A,Preliminary,Fukuoka,Japan,Japan,Bahrain,3,0,25,25,25,-,-,15,15,23,-,-,ALL,59,45,9,5,-,45,6,24,75,9,18,15,42,5,16,52,73,10,1,33,44,24,5,39,33,0,40,73
Men,2026,9,2026/9/6,A,Preliminary,Fukuoka,Japan,Japan,Bahrain,3,0,25,25,25,-,-,15,15,23,-,-,1,20,15,3,2,-,15,1,5,21,3,5,4,12,2,5,17,24,4,0,7,11,6,2,12,10,0,11,21
Men,2026,9,2026/9/6,A,Preliminary,Fukuoka,Japan,Japan,Bahrain,3,0,25,25,25,-,-,15,15,23,-,-,2,20,13,5,2,-,13,3,9,25,5,4,6,15,2,6,17,25,4,0,9,13,9,0,11,12,0,11,23
Men,2026,9,2026/9/6,A,Preliminary,Fukuoka,Japan,Japan,Bahrain,3,0,25,25,25,-,-,15,15,23,-,-,3,19,17,1,1,-,17,2,10,29,1,9,5,15,1,5,18,24,2,1,17,20,9,3,16,11,0,18,29
Men,2026,9,2026/9/6,A,Preliminary,Fukuoka,Japan,Bahrain,Japan,0,3,15,15,23,-,-,25,25,25,-,-,ALL,33,29,3,1,-,29,14,29,72,3,16,11,30,1,11,43,55,10,5,42,57,19,6,33,15,0,58,73
Men,2026,9,2026/9/6,A,Preliminary,Fukuoka,Japan,Bahrain,Japan,0,3,15,15,23,-,-,25,25,25,-,-,1,10,9,1,0,-,9,3,7,19,1,2,3,6,0,5,11,16,1,2,16,19,2,0,5,5,0,15,20
Men,2026,9,2026/9/6,A,Preliminary,Fukuoka,Japan,Bahrain,Japan,0,3,15,15,23,-,-,25,25,25,-,-,2,6,5,1,0,-,5,8,11,24,1,5,1,7,0,2,13,15,3,2,14,19,9,2,13,5,0,20,25
Men,2026,9,2026/9/6,A,Preliminary,Fukuoka,Japan,Bahrain,Japan,0,3,15,15,23,-,-,25,25,25,-,-,3,17,15,1,1,-,15,3,11,29,1,9,7,17,1,4,19,24,6,1,12,19,8,4,15,5,0,23,28
Men,2026,10,2026/9/7,A,Preliminary,Fukuoka,Japan,Oman,Australia,0,3,18,14,22,-,-,25,25,25,-,-,ALL,35,31,4,0,-,31,15,23,69,4,14,8,26,0,12,43,55,10,6,44,60,15,11,35,14,1,55,70
Men,2026,10,2026/9/7,A,Preliminary,Fukuoka,Japan,Oman,Australia,0,3,18,14,22,-,-,25,25,25,-,-,1,10,8,2,0,-,8,6,9,23,2,3,1,6,0,1,17,18,2,1,16,19,3,6,13,2,1,20,23
Men,2026,10,2026/9/7,A,Preliminary,Fukuoka,Japan,Oman,Australia,0,3,18,14,22,-,-,25,25,25,-,-,2,13,11,2,0,-,11,6,4,21,2,5,3,10,0,5,10,15,3,3,17,23,3,2,8,2,0,22,24
Men,2026,10,2026/9/7,A,Preliminary,Fukuoka,Japan,Oman,Australia,0,3,18,14,22,-,-,25,25,25,-,-,3,12,12,0,0,-,12,3,10,25,0,6,4,10,0,6,16,22,5,2,11,18,9,3,14,10,0,13,23
Men,2026,10,2026/9/7,A,Preliminary,Fukuoka,Japan,Australia,Oman,3,0,25,25,25,-,-,18,14,22,-,-,ALL,55,40,9,6,-,40,8,17,65,9,18,10,37,6,14,54,74,7,0,36,43,21,4,29,21,0,40,61
Men,2026,10,2026/9/7,A,Preliminary,Fukuoka,Japan,Australia,Oman,3,0,25,25,25,-,-,18,14,22,-,-,1,21,16,4,1,-,16,3,3,22,4,6,5,15,1,6,18,25,4,0,13,17,5,0,6,9,0,12,21
Men,2026,10,2026/9/7,A,Preliminary,Fukuoka,Japan,Australia,Oman,3,0,25,25,25,-,-,18,14,22,-,-,2,15,10,2,3,-,10,2,5,17,2,7,1,10,3,1,20,24,1,0,9,10,7,3,11,5,0,12,17
Men,2026,10,2026/9/7,A,Preliminary,Fukuoka,Japan,Australia,Oman,3,0,25,25,25,-,-,18,14,22,-,-,3,19,14,3,2,-,14,3,9,26,3,5,4,12,2,7,16,25,2,0,14,16,9,1,12,7,0,16,23
Men,2026,11,2026/9/7,B,Preliminary,Fukuoka,Japan,New Zealand,China,0,3,17,22,18,-,-,25,25,25,-,-,ALL,43,30,6,7,-,30,19,22,71,6,9,4,19,7,12,40,59,15,5,42,62,12,8,28,23,1,50,74
Men,2026,11,2026/9/7,B,Preliminary,Fukuoka,Japan,New Zealand,China,0,3,17,22,18,-,-,25,25,25,-,-,1,13,8,3,2,-,8,7,9,24,3,5,2,10,2,1,15,18,4,2,15,21,6,3,12,8,1,18,27
Men,2026,11,2026/9/7,B,Preliminary,Fukuoka,Japan,New Zealand,China,0,3,17,22,18,-,-,25,25,25,-,-,2,14,10,0,4,-,10,8,4,22,0,1,0,1,4,4,14,22,6,0,13,19,2,4,7,5,0,16,21
Men,2026,11,2026/9/7,B,Preliminary,Fukuoka,Japan,New Zealand,China,0,3,17,22,18,-,-,25,25,25,-,-,3,16,12,3,1,-,12,4,9,25,3,3,2,8,1,7,11,19,5,3,14,22,4,1,9,10,0,16,26
Men,2026,11,2026/9/7,B,Preliminary,Fukuoka,Japan,China,New Zealand,3,0,25,25,25,-,-,17,22,18,-,-,ALL,53,38,10,5,-,38,9,8,55,10,10,10,30,5,11,57,73,14,7,26,47,16,4,27,26,0,33,59
Men,2026,11,2026/9/7,B,Preliminary,Fukuoka,Japan,China,New Zealand,3,0,25,25,25,-,-,17,22,18,-,-,1,19,14,3,2,-,14,4,3,21,3,1,4,8,2,3,19,24,4,2,11,17,7,2,12,6,0,19,25
Men,2026,11,2026/9/7,B,Preliminary,Fukuoka,Japan,China,New Zealand,3,0,25,25,25,-,-,17,22,18,-,-,2,19,13,6,0,-,13,2,1,16,6,4,2,12,0,6,19,25,5,4,9,18,2,0,3,12,0,3,15
Men,2026,11,2026/9/7,B,Preliminary,Fukuoka,Japan,China,New Zealand,3,0,25,25,25,-,-,17,22,18,-,-,3,15,11,1,3,-,11,3,4,18,1,5,4,10,3,2,19,24,5,1,6,12,7,2,12,8,0,11,19
Men,2026,12,2026/9/7,C,Preliminary,Fukuoka,Japan,Thailand,Korea,3,2,25,25,20,22,15,18,16,25,25,12,ALL,84,65,13,6,-,65,15,23,103,13,16,15,44,6,16,84,106,18,5,62,85,20,20,51,39,1,64,104
Men,2026,12,2026/9/7,C,Preliminary,Fukuoka,Japan,Thailand,Korea,3,2,25,25,20,22,15,18,16,25,25,12,1,19,15,2,2,-,15,1,5,21,2,1,3,6,2,3,19,24,2,3,11,16,4,3,11,9,0,12,21
Men,2026,12,2026/9/7,C,Preliminary,Fukuoka,Japan,Thailand,Korea,3,2,25,25,20,22,15,18,16,25,25,12,2,22,17,4,1,-,17,3,1,21,4,2,6,12,1,4,20,25,5,1,9,15,6,3,9,8,0,12,20
Men,2026,12,2026/9/7,C,Preliminary,Fukuoka,Japan,Thailand,Korea,3,2,25,25,20,22,15,18,16,25,25,12,3,14,11,1,2,-,11,4,7,22,1,4,1,6,2,4,14,20,4,1,16,21,3,7,12,10,0,13,23
Men,2026,12,2026/9/7,C,Preliminary,Fukuoka,Japan,Thailand,Korea,3,2,25,25,20,22,15,18,16,25,25,12,4,19,14,5,0,-,14,4,7,25,5,7,5,17,0,3,20,23,4,0,17,21,5,4,13,7,1,18,26
Men,2026,12,2026/9/7,C,Preliminary,Fukuoka,Japan,Thailand,Korea,3,2,25,25,20,22,15,18,16,25,25,12,5,10,8,1,1,-,8,3,3,14,1,2,0,3,1,2,11,14,3,0,9,12,2,3,6,5,0,9,14
Men,2026,12,2026/9/7,C,Preliminary,Fukuoka,Japan,Korea,Thailand,2,3,18,16,25,25,12,25,25,20,22,15,ALL,66,57,4,5,-,57,22,31,110,4,26,8,38,5,12,80,97,20,6,64,90,19,18,50,61,1,49,111
Men,2026,12,2026/9/7,C,Preliminary,Fukuoka,Japan,Korea,Thailand,2,3,18,16,25,25,12,25,25,20,22,15,1,14,11,0,3,-,11,3,5,19,0,5,2,7,3,3,13,19,4,2,15,21,1,6,10,13,1,7,21
Men,2026,12,2026/9/7,C,Preliminary,Fukuoka,Japan,Korea,Thailand,2,3,18,16,25,25,12,25,25,20,22,15,2,9,8,0,1,-,8,6,8,22,0,7,1,8,1,1,14,16,4,1,16,21,0,5,9,11,0,11,22
Men,2026,12,2026/9/7,C,Preliminary,Fukuoka,Japan,Korea,Thailand,2,3,18,16,25,25,12,25,25,20,22,15,3,20,16,3,1,-,16,3,5,24,3,6,2,11,1,4,20,25,4,2,10,16,8,2,10,15,0,7,22
Men,2026,12,2026/9/7,C,Preliminary,Fukuoka,Japan,Korea,Thailand,2,3,18,16,25,25,12,25,25,20,22,15,4,16,15,1,0,-,15,5,11,31,1,5,2,8,0,3,21,24,7,0,13,20,7,4,16,14,0,17,31
Men,2026,12,2026/9/7,C,Preliminary,Fukuoka,Japan,Korea,Thailand,2,3,18,16,25,25,12,25,25,20,22,15,5,7,7,0,0,-,7,5,2,14,0,3,1,4,0,1,12,13,1,1,10,12,3,1,5,8,0,7,15
Men,2026,13,2026/9/8,B,Preliminary,Fukuoka,Japan,India,New Zealand,3,0,25,25,25,-,-,22,18,21,-,-,ALL,57,43,10,4,-,43,11,34,88,10,12,23,45,4,5,65,74,9,3,38,50,41,11,63,39,0,51,90
Men,2026,13,2026/9/8,B,Preliminary,Fukuoka,Japan,India,New Zealand,3,0,25,25,25,-,-,22,18,21,-,-,1,17,15,1,1,-,15,4,11,30,1,5,8,14,1,0,24,25,3,0,13,16,13,6,23,13,0,16,29
Men,2026,13,2026/9/8,B,Preliminary,Fukuoka,Japan,India,New Zealand,3,0,25,25,25,-,-,22,18,21,-,-,2,21,14,4,3,-,14,3,9,26,4,2,4,10,3,2,19,24,3,2,12,17,11,4,18,11,0,17,28
Men,2026,13,2026/9/8,B,Preliminary,Fukuoka,Japan,India,New Zealand,3,0,25,25,25,-,-,22,18,21,-,-,3,19,14,5,0,-,14,4,14,32,5,5,11,21,0,3,22,25,3,1,13,17,17,1,22,15,0,18,33
Men,2026,13,2026/9/8,B,Preliminary,Fukuoka,Japan,New Zealand,India,0,3,22,18,21,-,-,25,25,25,-,-,ALL,48,41,4,3,-,41,15,47,103,4,13,14,31,3,12,47,62,20,4,45,69,32,14,59,42,0,60,102
Men,2026,13,2026/9/8,B,Preliminary,Fukuoka,Japan,New Zealand,India,0,3,22,18,21,-,-,25,25,25,-,-,1,19,18,1,0,-,18,2,15,35,1,5,4,10,0,6,16,22,8,1,16,25,9,4,18,20,0,15,35
Men,2026,13,2026/9/8,B,Preliminary,Fukuoka,Japan,New Zealand,India,0,3,22,18,21,-,-,25,25,25,-,-,2,12,10,0,2,-,10,6,13,29,0,4,2,6,2,2,15,19,5,3,14,22,11,5,18,11,0,19,30
Men,2026,13,2026/9/8,B,Preliminary,Fukuoka,Japan,New Zealand,India,0,3,22,18,21,-,-,25,25,25,-,-,3,17,13,3,1,-,13,7,19,39,3,4,8,15,1,4,16,21,7,0,15,22,12,5,23,11,0,26,37
Men,2026,14,2026/9/8,C,Preliminary,Fukuoka,Japan,Qatar,Korea,0,3,20,19,15,-,-,25,25,25,-,-,ALL,41,32,8,1,-,32,17,25,74,8,19,9,36,1,10,44,55,8,8,52,68,15,9,32,29,1,46,76
Men,2026,14,2026/9/8,C,Preliminary,Fukuoka,Japan,Qatar,Korea,0,3,20,19,15,-,-,25,25,25,-,-,1,16,13,2,1,-,13,8,4,25,2,9,2,13,1,2,17,20,5,1,17,23,3,2,8,9,0,16,25
Men,2026,14,2026/9/8,C,Preliminary,Fukuoka,Japan,Qatar,Korea,0,3,20,19,15,-,-,25,25,25,-,-,2,13,11,2,0,-,11,4,9,24,2,7,5,14,0,5,15,20,2,3,16,21,7,3,12,7,1,18,26
Men,2026,14,2026/9/8,C,Preliminary,Fukuoka,Japan,Qatar,Korea,0,3,20,19,15,-,-,25,25,25,-,-,3,12,8,4,0,-,8,5,12,25,4,3,2,9,0,3,12,15,1,4,19,24,5,4,12,13,0,12,25
Men,2026,14,2026/9/8,C,Preliminary,Fukuoka,Japan,Korea,Qatar,3,0,25,25,25,-,-,20,19,15,-,-,ALL,53,37,8,8,-,37,14,20,71,8,17,9,34,8,6,60,74,14,1,30,45,24,5,38,24,1,49,74
Men,2026,14,2026/9/8,C,Preliminary,Fukuoka,Japan,Korea,Qatar,3,0,25,25,25,-,-,20,19,15,-,-,1,19,13,5,1,-,13,4,6,23,5,5,3,13,1,2,22,25,4,1,13,18,6,3,10,8,0,15,23
Men,2026,14,2026/9/8,C,Preliminary,Fukuoka,Japan,Korea,Qatar,3,0,25,25,25,-,-,20,19,15,-,-,2,16,11,2,3,-,11,5,10,26,2,7,3,12,3,3,18,24,7,0,8,15,9,1,13,10,0,16,26
Men,2026,14,2026/9/8,C,Preliminary,Fukuoka,Japan,Korea,Qatar,3,0,25,25,25,-,-,20,19,15,-,-,3,18,13,1,4,-,13,5,4,22,1,5,3,9,4,1,20,25,3,0,9,12,9,1,15,6,1,18,25
Men,2026,15,2026/9/8,A,Preliminary,Fukuoka,Japan,Japan,Australia,3,0,25,25,25,-,-,20,13,21,-,-,ALL,50,36,7,7,-,36,9,10,55,7,12,11,30,7,8,58,73,10,2,29,41,16,13,39,14,0,42,56
Men,2026,15,2026/9/8,A,Preliminary,Fukuoka,Japan,Japan,Australia,3,0,25,25,25,-,-,20,13,21,-,-,1,17,12,2,3,-,12,4,4,20,2,6,4,12,3,2,19,24,4,1,10,15,5,4,14,6,0,14,20
Men,2026,15,2026/9/8,A,Preliminary,Fukuoka,Japan,Japan,Australia,3,0,25,25,25,-,-,20,13,21,-,-,2,14,9,4,1,-,9,0,4,13,4,2,4,10,1,2,22,25,1,1,7,9,4,3,11,1,0,12,13
Men,2026,15,2026/9/8,A,Preliminary,Fukuoka,Japan,Japan,Australia,3,0,25,25,25,-,-,20,13,21,-,-,3,19,15,1,3,-,15,5,2,22,1,4,3,8,3,4,17,24,5,0,12,17,7,6,14,7,0,16,23
Men,2026,15,2026/9/8,A,Preliminary,Fukuoka,Japan,Australia,Japan,0,3,20,13,21,-,-,25,25,25,-,-,ALL,41,35,4,2,-,35,14,22,71,4,10,6,20,2,15,39,56,13,7,45,65,9,13,29,20,1,49,70
Men,2026,15,2026/9/8,A,Preliminary,Fukuoka,Japan,Australia,Japan,0,3,20,13,21,-,-,25,25,25,-,-,1,17,13,3,1,-,13,4,7,24,3,4,2,9,1,6,14,21,5,3,14,22,6,4,12,8,0,17,25
Men,2026,15,2026/9/8,A,Preliminary,Fukuoka,Japan,Australia,Japan,0,3,20,13,21,-,-,25,25,25,-,-,2,11,10,0,1,-,10,8,7,25,0,1,3,4,1,4,8,13,3,1,19,23,2,5,9,5,1,19,25
Men,2026,15,2026/9/8,A,Preliminary,Fukuoka,Japan,Australia,Japan,0,3,20,13,21,-,-,25,25,25,-,-,3,13,12,1,0,-,12,2,8,22,1,5,1,7,0,5,17,22,5,3,12,20,1,4,8,7,0,13,20
Men,2026,16,2026/9/9,A,Preliminary,Fukuoka,Japan,Bahrain,Oman,3,0,25,25,25,-,-,16,19,23,-,-,ALL,52,38,14,0,-,38,15,34,87,14,18,13,45,0,8,66,74,18,1,30,49,30,6,50,28,1,55,84
Men,2026,16,2026/9/9,A,Preliminary,Fukuoka,Japan,Bahrain,Oman,3,0,25,25,25,-,-,16,19,23,-,-,1,16,13,3,0,-,13,5,9,27,3,4,6,13,0,1,24,25,6,0,7,13,12,3,17,9,0,15,24
Men,2026,16,2026/9/9,A,Preliminary,Fukuoka,Japan,Bahrain,Oman,3,0,25,25,25,-,-,16,19,23,-,-,2,17,10,7,0,-,10,4,12,26,7,8,5,20,0,2,22,24,3,0,13,16,5,1,13,7,0,17,24
Men,2026,16,2026/9/9,A,Preliminary,Fukuoka,Japan,Bahrain,Oman,3,0,25,25,25,-,-,16,19,23,-,-,3,19,15,4,0,-,15,6,13,34,4,6,2,12,0,5,20,25,9,1,10,20,13,2,20,12,1,23,36
Men,2026,16,2026/9/9,A,Preliminary,Fukuoka,Japan,Oman,Bahrain,0,3,16,19,23,-,-,25,25,25,-,-,ALL,40,32,7,1,-,32,24,34,90,7,16,18,41,1,9,49,59,19,0,47,66,22,12,45,22,1,68,91
Men,2026,16,2026/9/9,A,Preliminary,Fukuoka,Japan,Oman,Bahrain,0,3,16,19,23,-,-,25,25,25,-,-,1,13,10,3,0,-,10,9,13,32,3,6,5,14,0,3,13,16,6,0,18,24,7,4,16,11,0,22,33
Men,2026,16,2026/9/9,A,Preliminary,Fukuoka,Japan,Oman,Bahrain,0,3,16,19,23,-,-,25,25,25,-,-,2,12,12,0,0,-,12,10,9,31,0,3,7,10,0,3,17,20,7,0,15,22,7,4,14,6,0,24,30
Men,2026,16,2026/9/9,A,Preliminary,Fukuoka,Japan,Oman,Bahrain,0,3,16,19,23,-,-,25,25,25,-,-,3,15,10,4,1,-,10,5,12,27,4,7,6,17,1,3,19,23,6,0,14,20,8,4,15,5,1,22,28
Men,2026,17,2026/9/9,C,Preliminary,Fukuoka,Japan,Chinese Taipei,Thailand,2,3,23,25,25,22,10,25,22,23,25,15,ALL,81,65,8,8,-,65,20,43,128,8,33,16,57,8,12,86,106,25,4,66,95,33,35,84,41,0,87,128
Men,2026,17,2026/9/9,C,Preliminary,Fukuoka,Japan,Chinese Taipei,Thailand,2,3,23,25,25,22,10,25,22,23,25,15,1,17,10,2,5,-,10,8,9,27,2,6,5,13,5,2,16,23,6,1,15,22,4,6,14,8,0,18,26
Men,2026,17,2026/9/9,C,Preliminary,Fukuoka,Japan,Chinese Taipei,Thailand,2,3,23,25,25,22,10,25,22,23,25,15,2,20,17,2,1,-,17,3,14,34,2,4,4,10,1,4,20,25,5,1,14,20,11,9,24,9,0,24,33
Men,2026,17,2026/9/9,C,Preliminary,Fukuoka,Japan,Chinese Taipei,Thailand,2,3,23,25,25,22,10,25,22,23,25,15,3,19,16,1,2,-,16,1,6,23,1,7,2,10,2,4,18,24,5,2,13,20,6,8,18,7,0,17,24
Men,2026,17,2026/9/9,C,Preliminary,Fukuoka,Japan,Chinese Taipei,Thailand,2,3,23,25,25,22,10,25,22,23,25,15,4,18,15,3,0,-,15,3,8,26,3,11,3,17,0,1,22,23,8,0,14,22,7,8,15,13,0,14,27
Men,2026,17,2026/9/9,C,Preliminary,Fukuoka,Japan,Chinese Taipei,Thailand,2,3,23,25,25,22,10,25,22,23,25,15,5,7,7,0,0,-,7,5,6,18,0,5,2,7,0,1,10,11,1,0,10,11,5,4,13,4,0,14,18
Men,2026,17,2026/9/9,C,Preliminary,Fukuoka,Japan,Thailand,Chinese Taipei,3,2,25,22,23,25,15,23,25,25,22,10,ALL,83,70,9,4,-,70,18,40,128,9,17,25,51,4,14,91,109,24,8,62,94,41,37,82,27,0,95,122
Men,2026,17,2026/9/9,C,Preliminary,Fukuoka,Japan,Thailand,Chinese Taipei,3,2,25,22,23,25,15,23,25,25,22,10,1,18,14,3,1,-,14,5,7,26,3,3,6,12,1,3,21,25,3,5,13,21,7,6,15,5,0,17,22
Men,2026,17,2026/9/9,C,Preliminary,Fukuoka,Japan,Thailand,Chinese Taipei,3,2,25,22,23,25,15,23,25,25,22,10,2,16,13,2,1,-,13,5,11,29,2,2,9,13,1,2,19,22,7,1,13,21,12,12,24,4,0,26,30
Men,2026,17,2026/9/9,C,Preliminary,Fukuoka,Japan,Thailand,Chinese Taipei,3,2,25,22,23,25,15,23,25,25,22,10,3,16,14,0,2,-,14,3,10,27,0,7,4,11,2,4,18,24,6,2,12,20,8,8,16,6,0,19,25
Men,2026,17,2026/9/9,C,Preliminary,Fukuoka,Japan,Thailand,Chinese Taipei,3,2,25,22,23,25,15,23,25,25,22,10,4,22,20,2,0,-,20,5,7,32,2,5,3,10,0,2,22,24,5,0,17,22,10,7,19,7,0,26,33
Men,2026,17,2026/9/9,C,Preliminary,Fukuoka,Japan,Thailand,Chinese Taipei,3,2,25,22,23,25,15,23,25,25,22,10,5,11,9,2,0,-,9,0,5,14,2,0,3,5,0,3,11,14,3,0,7,10,4,4,8,5,0,7,12
Men,2026,18,2026/9/9,B,Preliminary,Fukuoka,Japan,Iran,China,3,1,25,23,25,25,-,23,25,22,23,-,ALL,73,62,8,3,-,62,11,33,106,8,25,14,47,3,15,79,97,26,5,47,78,30,10,47,22,0,83,105
Men,2026,18,2026/9/9,B,Preliminary,Fukuoka,Japan,Iran,China,3,1,25,23,25,25,-,23,25,22,23,-,1,17,16,0,1,-,16,2,6,24,0,6,1,7,1,3,20,24,7,2,10,19,6,1,7,7,0,16,23
Men,2026,18,2026/9/9,B,Preliminary,Fukuoka,Japan,Iran,China,3,1,25,23,25,25,-,23,25,22,23,-,2,15,11,3,1,-,11,4,8,23,3,6,2,11,1,5,18,24,7,0,11,18,3,4,8,4,0,17,21
Men,2026,18,2026/9/9,B,Preliminary,Fukuoka,Japan,Iran,China,3,1,25,23,25,25,-,23,25,22,23,-,3,21,16,4,1,-,16,3,7,26,4,7,4,15,1,2,21,24,8,1,12,21,8,4,15,6,0,22,28
Men,2026,18,2026/9/9,B,Preliminary,Fukuoka,Japan,Iran,China,3,1,25,23,25,25,-,23,25,22,23,-,4,20,19,1,0,-,19,2,12,33,1,6,7,14,0,5,20,25,4,2,14,20,13,1,17,5,0,28,33
Men,2026,18,2026/9/9,B,Preliminary,Fukuoka,Japan,China,Iran,1,3,23,25,22,23,-,25,23,25,25,-,ALL,75,62,8,5,-,62,15,33,110,8,22,8,38,5,16,73,94,32,3,47,82,21,10,49,14,0,95,109
Men,2026,18,2026/9/9,B,Preliminary,Fukuoka,Japan,China,Iran,1,3,23,25,22,23,-,25,23,25,25,-,1,20,16,2,2,-,16,3,3,22,2,4,1,7,2,5,17,24,8,1,12,21,3,3,9,3,0,19,22
Men,2026,18,2026/9/9,B,Preliminary,Fukuoka,Japan,China,Iran,1,3,23,25,22,23,-,25,23,25,25,-,2,18,16,2,0,-,16,5,4,25,2,3,0,5,0,6,18,24,6,1,12,19,6,2,11,3,0,23,26
Men,2026,18,2026/9/9,B,Preliminary,Fukuoka,Japan,China,Iran,1,3,23,25,22,23,-,25,23,25,25,-,3,19,16,2,1,-,16,5,12,33,2,6,2,10,1,2,20,23,11,1,10,22,7,3,13,5,0,25,30
Men,2026,18,2026/9/9,B,Preliminary,Fukuoka,Japan,China,Iran,1,3,23,25,22,23,-,25,23,25,25,-,4,18,14,2,2,-,14,2,14,30,2,9,5,16,2,3,18,23,7,0,13,20,5,2,16,3,0,28,31
Men,2026,19,2026/9/11,Quarter_Finals,Final_Round,Fukuoka,Japan,Japan,India,3,0,25,25,25,-,-,17,15,19,-,-,ALL,55,42,6,7,-,42,13,25,80,6,9,8,23,7,11,55,73,17,1,26,44,31,8,55,27,0,55,82
Men,2026,19,2026/9/11,Quarter_Finals,Final_Round,Fukuoka,Japan,Japan,India,3,0,25,25,25,-,-,17,15,19,-,-,1,18,14,2,2,-,14,4,8,26,2,3,6,11,2,1,21,24,5,1,9,15,12,4,22,6,0,21,27
Men,2026,19,2026/9/11,Quarter_Finals,Final_Round,Fukuoka,Japan,Japan,India,3,0,25,25,25,-,-,17,15,19,-,-,2,18,13,1,4,-,13,4,8,25,1,2,2,5,4,4,17,25,3,0,9,12,10,2,16,11,0,15,26
Men,2026,19,2026/9/11,Quarter_Finals,Final_Round,Fukuoka,Japan,Japan,India,3,0,25,25,25,-,-,17,15,19,-,-,3,19,15,3,1,-,15,5,9,29,3,4,0,7,1,6,17,24,9,0,8,17,9,2,17,10,0,19,29
Men,2026,19,2026/9/11,Quarter_Finals,Final_Round,Fukuoka,Japan,India,Japan,0,3,17,15,19,-,-,25,25,25,-,-,ALL,35,26,8,1,-,26,15,29,70,8,9,15,32,1,9,43,53,13,7,42,62,16,14,34,17,0,52,69
Men,2026,19,2026/9/11,Quarter_Finals,Final_Round,Fukuoka,Japan,India,Japan,0,3,17,15,19,-,-,25,25,25,-,-,1,16,11,4,1,-,11,4,14,29,4,3,5,12,1,3,14,18,5,2,16,23,6,5,13,7,0,21,28
Men,2026,19,2026/9/11,Quarter_Finals,Final_Round,Fukuoka,Japan,India,Japan,0,3,17,15,19,-,-,25,25,25,-,-,2,9,7,2,0,-,7,5,8,20,2,3,6,11,0,3,12,15,7,4,10,21,3,4,8,6,0,13,19
Men,2026,19,2026/9/11,Quarter_Finals,Final_Round,Fukuoka,Japan,India,Japan,0,3,17,15,19,-,-,25,25,25,-,-,3,10,8,2,0,-,8,6,7,21,2,3,4,9,0,3,17,20,1,1,16,18,7,5,13,4,0,18,22
Men,2026,20,2026/9/10,Quarter_Finals,Final_Round,Fukuoka,Japan,Korea,China,3,1,17,25,25,29,-,25,21,22,27,-,ALL,76,61,10,5,-,61,29,39,129,10,18,18,46,5,7,83,95,17,3,66,86,43,10,67,22,0,109,131
Men,2026,20,2026/9/10,Quarter_Finals,Final_Round,Fukuoka,Japan,Korea,China,3,1,17,25,25,29,-,25,21,22,27,-,1,12,10,2,0,-,10,12,7,29,2,2,4,8,0,2,16,18,4,1,18,23,7,1,11,2,0,28,30
Men,2026,20,2026/9/10,Quarter_Finals,Final_Round,Fukuoka,Japan,Korea,China,3,1,17,25,25,29,-,25,21,22,27,-,2,20,16,3,1,-,16,5,14,35,3,4,7,14,1,2,21,24,4,1,15,20,17,2,21,7,0,29,36
Men,2026,20,2026/9/10,Quarter_Finals,Final_Round,Fukuoka,Japan,Korea,China,3,1,17,25,25,29,-,25,21,22,27,-,3,19,15,2,2,-,15,2,6,23,2,8,4,14,2,2,21,25,3,1,13,17,6,3,13,6,0,17,23
Men,2026,20,2026/9/10,Quarter_Finals,Final_Round,Fukuoka,Japan,Korea,China,3,1,17,25,25,29,-,25,21,22,27,-,4,25,20,3,2,-,20,10,12,42,3,4,3,10,2,1,25,28,6,0,20,26,13,4,22,7,0,35,42
Men,2026,20,2026/9/10,Quarter_Finals,Final_Round,Fukuoka,Japan,China,Korea,1,3,25,21,22,27,-,17,25,25,29,-,ALL,75,55,17,3,-,55,19,40,114,17,26,19,62,3,10,83,96,15,5,68,88,32,13,54,27,0,92,119
Men,2026,20,2026/9/10,Quarter_Finals,Final_Round,Fukuoka,Japan,China,Korea,1,3,25,21,22,27,-,17,25,25,29,-,1,17,9,7,1,-,9,6,8,23,7,5,3,15,1,1,22,24,1,0,15,16,6,3,11,4,0,19,23
Men,2026,20,2026/9/10,Quarter_Finals,Final_Round,Fukuoka,Japan,China,Korea,1,3,25,21,22,27,-,17,25,25,29,-,2,15,13,1,1,-,13,5,16,34,1,8,5,14,1,2,19,22,6,1,15,22,13,1,18,5,0,31,36
Men,2026,20,2026/9/10,Quarter_Finals,Final_Round,Fukuoka,Japan,China,Korea,1,3,25,21,22,27,-,17,25,25,29,-,3,20,17,2,1,-,17,3,7,27,2,4,4,10,1,5,16,22,6,2,15,23,6,2,9,7,0,21,28
Men,2026,20,2026/9/10,Quarter_Finals,Final_Round,Fukuoka,Japan,China,Korea,1,3,25,21,22,27,-,17,25,25,29,-,4,23,16,7,0,-,16,5,9,30,7,9,7,23,0,2,26,28,2,2,23,27,7,7,16,11,0,21,32
Men,2026,21,2026/9/11,Quarter_Finals,Final_Round,Fukuoka,Japan,Iran,Chinese Taipei,3,1,25,25,21,25,-,19,19,25,18,-,ALL,79,68,7,4,-,68,12,24,104,7,23,18,48,4,13,78,95,15,4,52,71,35,13,54,56,1,45,102
Men,2026,21,2026/9/11,Quarter_Finals,Final_Round,Fukuoka,Japan,Iran,Chinese Taipei,3,1,25,25,21,25,-,19,19,25,18,-,1,22,20,0,2,-,20,0,7,27,0,7,7,14,2,3,19,24,4,1,13,18,9,5,15,12,0,14,26
Men,2026,21,2026/9/11,Quarter_Finals,Final_Round,Fukuoka,Japan,Iran,Chinese Taipei,3,1,25,25,21,25,-,19,19,25,18,-,2,20,15,4,1,-,15,2,4,21,4,7,0,11,1,2,22,25,3,1,12,16,4,2,7,12,1,7,20
Men,2026,21,2026/9/11,Quarter_Finals,Final_Round,Fukuoka,Japan,Iran,Chinese Taipei,3,1,25,25,21,25,-,19,19,25,18,-,3,16,15,0,1,-,15,7,3,25,0,6,4,10,1,4,16,21,3,1,17,21,7,3,12,14,0,11,25
Men,2026,21,2026/9/11,Quarter_Finals,Final_Round,Fukuoka,Japan,Iran,Chinese Taipei,3,1,25,25,21,25,-,19,19,25,18,-,4,21,18,3,0,-,18,3,10,31,3,3,7,13,0,4,21,25,5,1,10,16,15,3,20,18,0,13,31
Men,2026,21,2026/9/11,Quarter_Finals,Final_Round,Fukuoka,Japan,Chinese Taipei,Iran,1,3,19,19,25,18,-,25,25,21,25,-,ALL,64,49,11,4,-,49,12,41,102,11,11,14,36,4,11,67,82,20,4,58,82,21,20,52,40,1,58,99
Men,2026,21,2026/9/11,Quarter_Finals,Final_Round,Fukuoka,Japan,Chinese Taipei,Iran,1,3,19,19,25,18,-,25,25,21,25,-,1,15,14,0,1,-,14,1,13,28,0,2,2,4,1,2,17,20,4,2,15,21,6,7,17,8,0,18,26
Men,2026,21,2026/9/11,Quarter_Finals,Final_Round,Fukuoka,Japan,Chinese Taipei,Iran,1,3,19,19,25,18,-,25,25,21,25,-,2,16,13,2,1,-,13,6,3,22,2,2,3,7,1,3,15,19,4,1,18,23,3,5,8,11,0,11,22
Men,2026,21,2026/9/11,Quarter_Finals,Final_Round,Fukuoka,Japan,Chinese Taipei,Iran,1,3,19,19,25,18,-,25,25,21,25,-,3,19,12,6,1,-,12,1,12,25,6,3,2,11,1,4,20,25,6,1,10,17,6,6,14,12,0,12,24
Men,2026,21,2026/9/11,Quarter_Finals,Final_Round,Fukuoka,Japan,Chinese Taipei,Iran,1,3,19,19,25,18,-,25,25,21,25,-,4,14,10,3,1,-,10,4,13,27,3,4,7,14,1,2,15,18,6,0,15,21,6,2,13,9,1,17,27
Men,2026,22,2026/9/10,Quarter_Finals,Final_Round,Fukuoka,Japan,Thailand,Australia,0,3,22,24,19,-,-,25,26,25,-,-,ALL,50,41,4,5,-,41,17,27,85,4,11,15,30,5,11,52,68,8,4,51,63,23,9,39,31,1,57,89
Men,2026,22,2026/9/10,Quarter_Finals,Final_Round,Fukuoka,Japan,Thailand,Australia,0,3,22,24,19,-,-,25,26,25,-,-,1,14,13,0,1,-,13,4,9,26,0,0,4,4,1,5,17,23,2,2,16,20,7,4,14,9,1,18,28
Men,2026,22,2026/9/10,Quarter_Finals,Final_Round,Fukuoka,Japan,Thailand,Australia,0,3,22,24,19,-,-,25,26,25,-,-,2,20,16,2,2,-,16,7,9,32,2,7,5,14,2,2,20,24,2,0,20,22,9,3,13,11,0,22,33
Men,2026,22,2026/9/10,Quarter_Finals,Final_Round,Fukuoka,Japan,Thailand,Australia,0,3,22,24,19,-,-,25,26,25,-,-,3,16,12,2,2,-,12,6,9,27,2,4,6,12,2,4,15,21,4,2,15,21,7,2,12,11,0,17,28
Men,2026,22,2026/9/10,Quarter_Finals,Final_Round,Fukuoka,Japan,Australia,Thailand,3,0,25,26,25,-,-,22,24,19,-,-,ALL,57,43,10,4,-,43,8,29,80,10,25,11,46,4,11,59,74,11,5,41,57,24,8,38,33,0,45,78
Men,2026,22,2026/9/10,Quarter_Finals,Final_Round,Fukuoka,Japan,Australia,Thailand,3,0,25,26,25,-,-,22,24,19,-,-,1,17,13,2,2,-,13,4,10,27,2,6,2,10,2,4,18,24,4,1,13,18,8,5,14,14,0,12,26
Men,2026,22,2026/9/10,Quarter_Finals,Final_Round,Fukuoka,Japan,Australia,Thailand,3,0,25,26,25,-,-,22,24,19,-,-,2,20,17,3,0,-,17,2,11,30,3,11,4,18,0,4,22,26,2,2,18,22,8,2,14,10,0,20,30
Men,2026,22,2026/9/10,Quarter_Finals,Final_Round,Fukuoka,Japan,Australia,Thailand,3,0,25,26,25,-,-,22,24,19,-,-,3,20,13,5,2,-,13,2,8,23,5,8,5,18,2,3,19,24,5,2,10,17,8,1,10,9,0,13,22
Men,2026,23,2026/9/12,Semifinals,Final_Round,Fukuoka,Japan,Japan,Korea,3,0,25,25,25,-,-,13,11,14,-,-,ALL,61,43,8,10,-,43,6,16,65,8,7,18,33,10,10,53,73,4,2,27,33,31,3,40,21,0,43,64
Men,2026,23,2026/9/12,Semifinals,Final_Round,Fukuoka,Japan,Japan,Korea,3,0,25,25,25,-,-,13,11,14,-,-,1,20,16,2,2,-,16,1,7,24,2,3,10,15,2,3,19,24,1,1,9,11,12,1,14,6,0,17,23
Men,2026,23,2026/9/12,Semifinals,Final_Round,Fukuoka,Japan,Japan,Korea,3,0,25,25,25,-,-,13,11,14,-,-,2,21,14,4,3,-,14,1,4,19,4,1,6,11,3,5,17,25,1,1,7,9,10,0,13,7,0,12,19
Men,2026,23,2026/9/12,Semifinals,Final_Round,Fukuoka,Japan,Japan,Korea,3,0,25,25,25,-,-,13,11,14,-,-,3,20,13,2,5,-,13,4,5,22,2,3,2,7,5,2,17,24,2,0,11,13,9,2,13,8,0,14,22
Men,2026,23,2026/9/12,Semifinals,Final_Round,Fukuoka,Japan,Korea,Japan,0,3,13,11,14,-,-,25,25,25,-,-,ALL,27,19,6,2,-,19,14,38,71,6,17,7,30,2,7,31,40,6,10,47,63,14,7,32,15,1,58,74
Men,2026,23,2026/9/12,Semifinals,Final_Round,Fukuoka,Japan,Korea,Japan,0,3,13,11,14,-,-,25,25,25,-,-,1,9,7,1,1,-,7,4,17,28,1,8,3,12,1,3,10,14,4,2,15,21,6,2,15,6,0,23,29
Men,2026,23,2026/9/12,Semifinals,Final_Round,Fukuoka,Japan,Korea,Japan,0,3,13,11,14,-,-,25,25,25,-,-,2,6,4,1,1,-,4,6,13,23,1,5,1,7,1,2,8,11,1,3,16,20,5,3,11,7,0,17,24
Men,2026,23,2026/9/12,Semifinals,Final_Round,Fukuoka,Japan,Korea,Japan,0,3,13,11,14,-,-,25,25,25,-,-,3,12,8,4,0,-,8,4,8,20,4,4,3,11,0,2,13,15,1,5,16,22,3,2,6,2,1,18,21
Men,2026,24,2026/9/12,Semifinals,Final_Round,Fukuoka,Japan,Iran,Australia,3,1,25,17,25,25,-,21,25,17,22,-,ALL,71,56,7,8,-,56,17,27,100,7,22,17,46,8,15,68,91,18,2,53,73,26,8,42,30,2,70,102
Men,2026,24,2026/9/12,Semifinals,Final_Round,Fukuoka,Japan,Iran,Australia,3,1,25,17,25,25,-,21,25,17,22,-,1,19,15,0,4,-,15,3,5,23,0,6,4,10,4,5,16,25,4,1,12,17,4,3,9,6,0,16,22
Men,2026,24,2026/9/12,Semifinals,Final_Round,Fukuoka,Japan,Iran,Australia,3,1,25,17,25,25,-,21,25,17,22,-,2,15,14,1,0,-,14,4,8,26,1,6,3,10,0,5,12,17,8,1,14,23,3,3,9,9,0,18,27
Men,2026,24,2026/9/12,Semifinals,Final_Round,Fukuoka,Japan,Iran,Australia,3,1,25,17,25,25,-,21,25,17,22,-,3,20,12,5,3,-,12,5,4,21,5,4,4,13,3,3,19,25,3,0,11,14,6,2,9,3,0,18,21
Men,2026,24,2026/9/12,Semifinals,Final_Round,Fukuoka,Japan,Iran,Australia,3,1,25,17,25,25,-,21,25,17,22,-,4,17,15,1,1,-,15,5,10,30,1,6,6,13,1,2,21,24,3,0,16,19,13,0,15,12,2,18,32
Men,2026,24,2026/9/12,Semifinals,Final_Round,Fukuoka,Japan,Australia,Iran,1,3,21,25,17,22,-,25,17,25,25,-,ALL,60,47,11,2,-,47,13,31,91,11,26,10,47,2,13,71,86,18,8,50,76,19,17,47,20,0,69,89
Men,2026,24,2026/9/12,Semifinals,Final_Round,Fukuoka,Japan,Australia,Iran,1,3,21,25,17,22,-,25,17,25,25,-,1,16,12,3,1,-,12,0,4,16,3,8,3,14,1,4,16,21,4,4,12,20,1,4,6,4,0,12,16
Men,2026,24,2026/9/12,Semifinals,Final_Round,Fukuoka,Japan,Australia,Iran,1,3,21,25,17,22,-,25,17,25,25,-,2,17,15,1,1,-,15,1,5,21,1,5,4,10,1,2,22,25,3,0,9,12,8,2,13,5,0,15,20
Men,2026,24,2026/9/12,Semifinals,Final_Round,Fukuoka,Japan,Australia,Iran,1,3,21,25,17,22,-,25,17,25,25,-,3,11,8,3,0,-,8,7,8,23,3,7,1,11,0,3,14,17,3,3,16,22,3,4,8,3,0,20,23
Men,2026,24,2026/9/12,Semifinals,Final_Round,Fukuoka,Japan,Australia,Iran,1,3,21,25,17,22,-,25,17,25,25,-,4,16,12,4,0,-,12,5,14,31,4,6,2,12,0,4,19,23,8,1,13,22,7,7,20,8,0,22,30
Men,2026,25,2026/9/13,3rd_Place,Final_Round,Fukuoka,Japan,Korea,Australia,3,2,16,25,22,25,15,25,18,25,18,9,ALL,78,66,8,4,-,66,25,37,128,8,27,20,55,4,12,87,103,18,4,61,83,43,7,67,25,0,102,127
Men,2026,25,2026/9/13,3rd_Place,Final_Round,Fukuoka,Japan,Korea,Australia,3,2,16,25,22,25,15,25,18,25,18,9,1,12,12,0,0,-,12,9,10,31,0,5,6,11,0,1,16,17,5,2,15,22,9,2,14,2,0,29,31
Men,2026,25,2026/9/13,3rd_Place,Final_Round,Fukuoka,Japan,Korea,Australia,3,2,16,25,22,25,15,25,18,25,18,9,2,18,14,3,1,-,14,2,6,22,3,8,3,14,1,5,19,25,4,0,11,15,7,1,8,6,0,16,22
Men,2026,25,2026/9/13,3rd_Place,Final_Round,Fukuoka,Japan,Korea,Australia,3,2,16,25,22,25,15,25,18,25,18,9,3,19,14,4,1,-,14,7,11,32,4,4,4,12,1,3,18,22,8,2,14,24,8,0,14,8,0,24,32
Men,2026,25,2026/9/13,3rd_Place,Final_Round,Fukuoka,Japan,Korea,Australia,3,2,16,25,22,25,15,25,18,25,18,9,4,16,15,0,1,-,15,5,7,27,0,6,4,10,1,3,21,25,1,0,12,13,12,2,16,6,0,20,26
Men,2026,25,2026/9/13,3rd_Place,Final_Round,Fukuoka,Japan,Korea,Australia,3,2,16,25,22,25,15,25,18,25,18,9,5,13,11,1,1,-,11,2,3,16,1,4,3,8,1,0,13,14,0,0,9,9,7,2,15,3,0,13,16
Men,2026,25,2026/9/13,3rd_Place,Final_Round,Fukuoka,Japan,Australia,Korea,2,3,25,18,25,18,9,16,25,22,25,15,ALL,69,52,13,4,-,52,18,51,121,13,29,17,59,4,13,79,96,25,4,62,91,28,17,60,19,1,101,121
Men,2026,25,2026/9/13,3rd_Place,Final_Round,Fukuoka,Japan,Australia,Korea,2,3,25,18,25,18,9,16,25,22,25,15,1,19,12,5,2,-,12,1,11,24,5,5,5,15,2,3,20,25,3,0,13,16,7,5,15,4,0,20,24
Men,2026,25,2026/9/13,3rd_Place,Final_Round,Fukuoka,Japan,Australia,Korea,2,3,25,18,25,18,9,16,25,22,25,15,2,10,10,0,0,-,10,6,7,23,0,7,2,9,0,3,15,18,5,1,14,20,4,6,12,3,0,20,23
Men,2026,25,2026/9/13,3rd_Place,Final_Round,Fukuoka,Japan,Australia,Korea,2,3,25,18,25,18,9,16,25,22,25,15,3,18,13,3,2,-,13,5,10,28,3,5,5,13,2,1,22,25,6,1,12,19,8,2,13,5,1,23,29
Men,2026,25,2026/9/13,3rd_Place,Final_Round,Fukuoka,Japan,Australia,Korea,2,3,25,18,25,18,9,16,25,22,25,15,4,14,10,4,0,-,10,4,13,27,4,4,3,11,0,5,13,18,6,1,15,22,5,1,9,4,0,22,26
Men,2026,25,2026/9/13,3rd_Place,Final_Round,Fukuoka,Japan,Australia,Korea,2,3,25,18,25,18,9,16,25,22,25,15,5,8,7,1,0,-,7,2,10,19,1,8,2,11,0,1,9,10,5,1,8,14,4,3,11,3,0,16,19
Men,2026,26,2026/9/13,Final,Final_Round,Fukuoka,Japan,Japan,Iran,3,0,25,26,25,-,-,21,24,23,-,-,ALL,53,41,5,7,-,41,14,22,77,5,15,8,28,7,14,54,75,19,3,31,53,21,6,34,23,0,53,76
Men,2026,26,2026/9/13,Final,Final_Round,Fukuoka,Japan,Japan,Iran,3,0,25,26,25,-,-,21,24,23,-,-,1,16,11,2,3,-,11,7,6,24,2,5,2,9,3,5,17,25,5,0,11,16,6,0,8,7,0,17,24
Men,2026,26,2026/9/13,Final,Final_Round,Fukuoka,Japan,Japan,Iran,3,0,25,26,25,-,-,21,24,23,-,-,2,19,14,3,2,-,14,5,6,25,3,5,1,9,2,6,17,25,7,3,10,20,7,2,9,9,0,15,24
Men,2026,26,2026/9/13,Final,Final_Round,Fukuoka,Japan,Japan,Iran,3,0,25,26,25,-,-,21,24,23,-,-,3,18,16,0,2,-,16,2,10,28,0,5,5,10,2,3,20,25,7,0,10,17,8,4,17,7,0,21,28
Men,2026,26,2026/9/13,Final,Final_Round,Fukuoka,Japan,Iran,Japan,0,3,21,24,23,-,-,25,26,25,-,-,ALL,49,36,10,3,-,36,10,20,66,10,18,15,43,3,16,50,69,10,7,44,61,15,15,35,14,1,53,68
Men,2026,26,2026/9/13,Final,Final_Round,Fukuoka,Japan,Iran,Japan,0,3,21,24,23,-,-,25,26,25,-,-,1,14,8,6,0,-,8,5,5,18,6,3,5,14,0,5,16,21,3,3,14,20,4,6,10,6,1,13,20
Men,2026,26,2026/9/13,Final,Final_Round,Fukuoka,Japan,Iran,Japan,0,3,21,24,23,-,-,25,26,25,-,-,2,17,10,4,3,-,10,4,4,18,4,7,2,13,3,5,17,25,2,2,15,19,3,5,10,2,0,17,19
Men,2026,26,2026/9/13,Final,Final_Round,Fukuoka,Japan,Iran,Japan,0,3,21,24,23,-,-,25,26,25,-,-,3,18,18,0,0,-,18,1,11,30,0,8,8,16,0,6,17,23,5,2,15,22,8,4,15,6,0,23,29
Women,2026,1,2026/8/21,A,Preliminary,Tianjin,China,Chinese Taipei,Iran,1,3,25,25,19,14,-,16,27,25,25,-,ALL,60,51,7,2,0,51,20,66,137,7,14,22,43,2,5,77,84,30,7,44,81,53,32,104,45,0,94,139
Women,2026,1,2026/8/21,A,Preliminary,Tianjin,China,Chinese Taipei,Iran,1,3,25,25,19,14,-,16,27,25,25,-,1,17,13,2,2,0,13,3,9,25,2,1,3,6,2,0,23,25,5,0,6,11,10,5,19,10,0,14,24
Women,2026,1,2026/8/21,A,Preliminary,Tianjin,China,Chinese Taipei,Iran,1,3,25,25,19,14,-,16,27,25,25,-,2,20,17,3,0,0,17,5,31,53,3,4,8,15,0,1,24,25,9,3,13,25,25,13,45,16,0,38,54
Women,2026,1,2026/8/21,A,Preliminary,Tianjin,China,Chinese Taipei,Iran,1,3,25,25,19,14,-,16,27,25,25,-,3,14,13,1,0,0,13,6,12,31,1,7,7,15,0,1,19,20,9,1,12,22,11,7,18,9,0,21,30
Women,2026,1,2026/8/21,A,Preliminary,Tianjin,China,Chinese Taipei,Iran,1,3,25,25,19,14,-,16,27,25,25,-,4,9,8,1,0,0,8,6,14,28,1,2,4,7,0,3,11,14,7,3,13,23,7,7,22,10,0,21,31
Women,2026,1,2026/8/21,A,Preliminary,Tianjin,China,Iran,Chinese Taipei,3,1,16,27,25,25,-,25,25,19,14,-,ALL,84,61,16,7,0,61,16,62,139,16,23,28,67,7,10,75,92,35,2,42,79,58,19,91,29,1,115,145
Women,2026,1,2026/8/21,A,Preliminary,Tianjin,China,Iran,Chinese Taipei,3,1,16,27,25,25,-,25,25,19,14,-,1,15,13,2,0,0,13,4,13,30,2,4,4,10,0,4,12,16,7,2,16,25,8,4,12,4,1,27,32
Women,2026,1,2026/8/21,A,Preliminary,Tianjin,China,Iran,Chinese Taipei,3,1,16,27,25,25,-,25,25,19,14,-,2,25,18,4,3,0,18,5,22,45,4,8,13,25,3,2,22,27,10,0,14,24,23,7,37,7,0,43,50
Women,2026,1,2026/8/21,A,Preliminary,Tianjin,China,Iran,Chinese Taipei,3,1,16,27,25,25,-,25,25,19,14,-,3,22,17,4,1,0,17,4,15,36,4,6,6,16,1,2,21,24,12,0,7,19,12,5,21,10,0,25,35
Women,2026,1,2026/8/21,A,Preliminary,Tianjin,China,Iran,Chinese Taipei,3,1,16,27,25,25,-,25,25,19,14,-,4,22,13,6,3,0,13,3,12,28,6,5,5,16,3,2,20,25,6,0,5,11,15,3,21,8,0,20,28
Women,2026,2,2026/8/21,B,Preliminary,Tianjin,China,Thailand,Australia,3,0,25,25,25,-,-,15,15,18,-,-,ALL,60,47,3,10,0,47,7,39,93,3,12,23,38,10,8,56,74,20,3,22,45,42,8,66,34,1,57,92
Women,2026,2,2026/8/21,B,Preliminary,Tianjin,China,Thailand,Australia,3,0,25,25,25,-,-,15,15,18,-,-,1,22,17,0,5,0,17,2,4,23,0,1,9,10,5,2,18,25,5,3,5,13,10,3,17,9,0,13,22
Women,2026,2,2026/8/21,B,Preliminary,Tianjin,China,Thailand,Australia,3,0,25,25,25,-,-,15,15,18,-,-,2,18,14,1,3,0,14,1,22,37,1,4,6,11,3,4,17,24,5,0,9,14,19,3,29,13,1,24,38
Women,2026,2,2026/8/21,B,Preliminary,Tianjin,China,Thailand,Australia,3,0,25,25,25,-,-,15,15,18,-,-,3,20,16,2,2,0,16,4,13,33,2,7,8,17,2,2,21,25,10,0,8,18,13,2,20,12,0,20,32
Women,2026,2,2026/8/21,B,Preliminary,Tianjin,China,Australia,Thailand,0,3,15,15,18,-,-,25,25,25,-,-,ALL,37,29,5,3,0,29,10,44,83,5,12,22,39,3,4,42,49,12,10,44,66,25,18,58,22,2,59,83
Women,2026,2,2026/8/21,B,Preliminary,Tianjin,China,Australia,Thailand,0,3,15,15,18,-,-,25,25,25,-,-,1,12,8,1,3,0,8,1,14,23,1,4,3,8,3,2,10,15,5,5,13,23,3,5,12,6,0,15,21
Women,2026,2,2026/8/21,B,Preliminary,Tianjin,China,Australia,Thailand,0,3,15,15,18,-,-,25,25,25,-,-,2,9,9,0,0,0,9,5,16,30,0,3,11,14,0,2,14,16,2,3,15,20,12,7,27,8,0,22,30
Women,2026,2,2026/8/21,B,Preliminary,Tianjin,China,Australia,Thailand,0,3,15,15,18,-,-,25,25,25,-,-,3,16,12,4,0,0,12,4,14,30,4,5,8,17,0,0,18,18,5,2,16,23,10,6,19,8,2,22,32
Women,2026,3,2026/8/21,C,Preliminary,Tianjin,China,Japan,"Hong Kong, China",3,0,25,25,25,-,-,9,15,12,-,-,ALL,61,42,11,8,0,42,12,39,93,11,4,12,27,8,5,61,74,13,5,17,35,55,5,77,10,0,83,93
Women,2026,3,2026/8/21,C,Preliminary,Tianjin,China,Japan,"Hong Kong, China",3,0,25,25,25,-,-,9,15,12,-,-,1,22,14,4,4,0,14,2,7,23,4,1,0,5,4,2,19,25,5,1,3,9,14,1,18,3,0,21,24
Women,2026,3,2026/8/21,C,Preliminary,Tianjin,China,Japan,"Hong Kong, China",3,0,25,25,25,-,-,9,15,12,-,-,2,21,15,4,2,0,15,5,14,34,4,1,4,9,2,3,19,24,5,2,7,14,17,1,25,3,0,30,33
Women,2026,3,2026/8/21,C,Preliminary,Tianjin,China,Japan,"Hong Kong, China",3,0,25,25,25,-,-,9,15,12,-,-,3,18,13,3,2,0,13,5,18,36,3,2,8,13,2,0,23,25,3,2,7,12,24,3,34,4,0,32,36
Women,2026,3,2026/8/21,C,Preliminary,Tianjin,China,"Hong Kong, China",Japan,0,3,9,15,12,-,-,25,25,25,-,-,ALL,28,14,9,5,0,14,21,61,96,9,11,10,30,5,2,30,37,21,8,40,69,29,12,58,11,2,83,96
Women,2026,3,2026/8/21,C,Preliminary,Tianjin,China,"Hong Kong, China",Japan,0,3,9,15,12,-,-,25,25,25,-,-,1,6,4,1,1,0,4,6,14,24,1,4,1,6,1,0,8,9,8,4,11,23,5,5,13,3,1,20,24
Women,2026,3,2026/8/21,C,Preliminary,Tianjin,China,"Hong Kong, China",Japan,0,3,9,15,12,-,-,25,25,25,-,-,2,11,5,4,2,0,5,6,19,30,4,2,4,10,2,2,12,16,4,2,15,21,11,6,22,4,0,27,31
Women,2026,3,2026/8/21,C,Preliminary,Tianjin,China,"Hong Kong, China",Japan,0,3,9,15,12,-,-,25,25,25,-,-,3,11,5,4,2,0,5,9,28,42,4,5,5,14,2,0,10,12,9,2,14,25,13,1,23,4,1,36,41
Women,2026,4,2026/8/22,C,Preliminary,Tianjin,China,Vietnam,Korea,1,3,20,25,21,17,-,25,22,25,25,-,ALL,63,57,4,2,0,57,21,64,142,4,25,24,53,2,3,79,84,20,6,62,88,55,34,105,55,1,86,142
Women,2026,4,2026/8/22,C,Preliminary,Tianjin,China,Vietnam,Korea,1,3,20,25,21,17,-,25,22,25,25,-,1,13,12,0,1,0,12,8,13,33,0,10,6,16,1,0,19,20,6,1,15,22,11,5,18,10,0,22,32
Women,2026,4,2026/8/22,C,Preliminary,Tianjin,China,Vietnam,Korea,1,3,20,25,21,17,-,25,22,25,25,-,2,21,19,1,1,0,19,3,15,37,1,2,5,8,1,1,23,25,7,1,13,21,16,12,34,15,1,23,39
Women,2026,4,2026/8/22,C,Preliminary,Tianjin,China,Vietnam,Korea,1,3,20,25,21,17,-,25,22,25,25,-,3,17,16,1,0,0,16,6,17,39,1,7,9,17,0,1,20,21,3,1,20,24,13,8,24,13,0,22,35
Women,2026,4,2026/8/22,C,Preliminary,Tianjin,China,Vietnam,Korea,1,3,20,25,21,17,-,25,22,25,25,-,4,12,10,2,0,0,10,4,19,33,2,6,4,12,0,1,17,18,4,3,14,21,15,9,29,17,0,19,36
Women,2026,4,2026/8/22,C,Preliminary,Tianjin,China,Korea,Vietnam,3,1,25,22,25,25,-,20,25,21,17,-,ALL,77,62,9,6,0,62,11,59,132,9,20,23,52,6,8,82,96,30,2,49,81,59,21,98,53,4,87,144
Women,2026,4,2026/8/22,C,Preliminary,Tianjin,China,Korea,Vietnam,3,1,25,22,25,25,-,20,25,21,17,-,1,17,12,4,1,0,12,3,16,31,4,4,4,12,1,3,21,25,7,1,12,20,11,4,21,8,1,24,33
Women,2026,4,2026/8/22,C,Preliminary,Tianjin,China,Korea,Vietnam,3,1,25,22,25,25,-,20,25,21,17,-,2,18,16,1,1,0,16,2,15,33,1,3,8,12,1,1,20,22,11,1,12,24,14,8,25,19,1,18,38
Women,2026,4,2026/8/22,C,Preliminary,Tianjin,China,Korea,Vietnam,3,1,25,22,25,25,-,20,25,21,17,-,3,20,17,2,1,0,17,3,16,36,2,10,6,18,1,1,23,25,5,0,15,20,16,3,24,11,1,27,39
Women,2026,4,2026/8/22,C,Preliminary,Tianjin,China,Korea,Vietnam,3,1,25,22,25,25,-,20,25,21,17,-,4,22,17,2,3,0,17,3,12,32,2,3,5,10,3,3,18,24,7,0,10,17,18,6,28,15,1,18,34
Women,2026,5,2026/8/22,B,Preliminary,Tianjin,China,Kazakhstan,Indonesia,0,3,22,22,23,-,-,25,25,25,-,-,ALL,40,31,8,1,0,31,15,52,98,8,15,37,60,1,7,61,69,18,7,41,66,43,8,68,47,0,52,99
Women,2026,5,2026/8/22,B,Preliminary,Tianjin,China,Kazakhstan,Indonesia,0,3,22,22,23,-,-,25,25,25,-,-,1,10,6,4,0,0,6,5,17,28,4,6,7,17,0,1,22,23,4,4,16,24,11,4,21,13,0,16,29
Women,2026,5,2026/8/22,B,Preliminary,Tianjin,China,Kazakhstan,Indonesia,0,3,22,22,23,-,-,25,25,25,-,-,2,16,14,2,0,0,14,5,16,35,2,4,17,23,0,4,18,22,7,1,14,22,15,3,23,16,0,20,36
Women,2026,5,2026/8/22,B,Preliminary,Tianjin,China,Kazakhstan,Indonesia,0,3,22,22,23,-,-,25,25,25,-,-,3,14,11,2,1,0,11,5,19,35,2,5,13,20,1,2,21,24,7,2,11,20,17,1,24,18,0,16,34
Women,2026,5,2026/8/22,B,Preliminary,Tianjin,China,Indonesia,Kazakhstan,3,0,25,25,25,-,-,22,22,23,-,-,ALL,55,44,4,7,0,44,24,74,142,4,10,14,28,7,7,59,73,9,1,52,62,56,6,90,38,1,99,138
Women,2026,5,2026/8/22,B,Preliminary,Tianjin,China,Indonesia,Kazakhstan,3,0,25,25,25,-,-,22,22,23,-,-,1,21,15,2,4,0,15,12,18,45,2,4,7,13,4,0,20,24,5,0,17,22,14,2,21,12,1,28,41
Women,2026,5,2026/8/22,B,Preliminary,Tianjin,China,Indonesia,Kazakhstan,3,0,25,25,25,-,-,22,22,23,-,-,2,15,13,1,1,0,13,5,28,46,1,5,4,10,1,3,21,25,0,0,18,18,19,3,32,9,0,38,47
Women,2026,5,2026/8/22,B,Preliminary,Tianjin,China,Indonesia,Kazakhstan,3,0,25,25,25,-,-,22,22,23,-,-,3,19,16,1,2,0,16,7,28,51,1,1,3,5,2,4,18,24,4,1,17,22,23,1,37,17,0,33,50
Women,2026,6,2026/8/22,A,Preliminary,Tianjin,China,China,Iraq,3,0,25,25,25,-,-,4,6,6,-,-,ALL,68,50,10,8,0,50,5,9,64,10,6,5,21,8,2,63,73,7,0,10,17,44,3,50,14,0,49,63
Women,2026,6,2026/8/22,A,Preliminary,Tianjin,China,China,Iraq,3,0,25,25,25,-,-,4,6,6,-,-,1,22,15,5,2,0,15,1,4,20,5,0,1,6,2,2,20,24,2,0,3,5,13,1,15,2,0,16,18
Women,2026,6,2026/8/22,A,Preliminary,Tianjin,China,China,Iraq,3,0,25,25,25,-,-,4,6,6,-,-,2,24,19,2,3,0,19,2,2,23,2,2,2,6,3,0,22,25,2,0,4,6,16,2,19,6,0,17,23
Women,2026,6,2026/8/22,A,Preliminary,Tianjin,China,China,Iraq,3,0,25,25,25,-,-,4,6,6,-,-,3,22,16,3,3,0,16,2,3,21,3,4,2,9,3,0,21,24,3,0,3,6,15,0,16,6,0,16,22
Women,2026,6,2026/8/22,A,Preliminary,Tianjin,China,Iraq,China,0,3,4,6,6,-,-,25,25,25,-,-,ALL,9,9,0,0,0,9,14,31,54,0,5,1,6,0,1,17,18,3,8,60,71,7,10,24,0,2,63,65
Women,2026,6,2026/8/22,A,Preliminary,Tianjin,China,Iraq,China,0,3,4,6,6,-,-,25,25,25,-,-,1,1,1,0,0,0,1,6,8,15,0,0,1,1,0,0,5,5,3,2,17,22,2,4,8,0,2,18,20
Women,2026,6,2026/8/22,A,Preliminary,Tianjin,China,Iraq,China,0,3,4,6,6,-,-,25,25,25,-,-,2,4,4,0,0,0,4,3,14,21,0,2,0,2,0,0,6,6,0,3,22,25,2,4,9,0,0,23,23
Women,2026,6,2026/8/22,A,Preliminary,Tianjin,China,Iraq,China,0,3,4,6,6,-,-,25,25,25,-,-,3,4,4,0,0,0,4,5,9,18,0,3,0,3,0,1,6,7,0,3,21,24,3,2,7,0,0,22,22
Women,2026,7,2026/8/23,B,Preliminary,Tianjin,China,Kazakhstan,Australia,3,0,25,25,25,-,-,21,18,21,-,-,ALL,60,43,8,9,0,43,17,34,94,8,19,16,43,9,9,56,74,16,3,37,56,35,8,59,33,1,60,94
Women,2026,7,2026/8/23,B,Preliminary,Tianjin,China,Kazakhstan,Australia,3,0,25,25,25,-,-,21,18,21,-,-,1,22,15,2,5,0,15,5,11,31,2,9,5,16,5,2,18,25,7,1,12,20,11,2,18,12,1,19,32
Women,2026,7,2026/8/23,B,Preliminary,Tianjin,China,Kazakhstan,Australia,3,0,25,25,25,-,-,21,18,21,-,-,2,19,14,4,1,0,14,7,8,29,4,2,4,10,1,3,20,24,4,2,12,18,12,3,18,11,0,18,29
Women,2026,7,2026/8/23,B,Preliminary,Tianjin,China,Kazakhstan,Australia,3,0,25,25,25,-,-,21,18,21,-,-,3,19,14,2,3,0,14,5,15,34,2,8,7,17,3,4,18,25,5,0,13,18,12,3,23,10,0,23,33
Women,2026,7,2026/8/23,B,Preliminary,Tianjin,China,Australia,Kazakhstan,0,3,21,18,21,-,-,25,25,25,-,-,ALL,43,30,10,3,0,30,14,44,88,10,16,9,35,3,5,53,61,8,9,48,65,35,16,61,20,3,72,95
Women,2026,7,2026/8/23,B,Preliminary,Tianjin,China,Australia,Kazakhstan,0,3,21,18,21,-,-,25,25,25,-,-,1,18,12,5,1,0,12,4,16,32,5,6,4,15,1,1,19,21,2,5,16,23,13,5,21,6,0,26,32
Women,2026,7,2026/8/23,B,Preliminary,Tianjin,China,Australia,Kazakhstan,0,3,21,18,21,-,-,25,25,25,-,-,2,10,6,2,2,0,6,7,12,25,2,4,1,7,2,1,16,19,4,1,16,21,10,7,18,7,2,21,30
Women,2026,7,2026/8/23,B,Preliminary,Tianjin,China,Australia,Kazakhstan,0,3,21,18,21,-,-,25,25,25,-,-,3,15,12,3,0,0,12,3,16,31,3,6,4,13,0,3,18,21,2,3,16,21,12,4,22,7,1,25,33
Women,2026,8,2026/8/23,A,Preliminary,Tianjin,China,Chinese Taipei,Iraq,3,0,25,25,25,-,-,5,8,11,-,-,ALL,63,50,4,9,0,50,5,21,76,4,9,12,25,9,6,58,73,5,1,18,24,43,2,51,33,0,33,66
Women,2026,8,2026/8/23,A,Preliminary,Tianjin,China,Chinese Taipei,Iraq,3,0,25,25,25,-,-,5,8,11,-,-,1,22,17,2,3,0,17,1,11,29,2,2,8,12,3,2,19,24,2,0,4,6,15,0,19,9,0,13,22
Women,2026,8,2026/8/23,A,Preliminary,Tianjin,China,Chinese Taipei,Iraq,3,0,25,25,25,-,-,5,8,11,-,-,2,24,19,1,4,0,19,0,7,26,1,3,1,5,4,2,19,25,1,0,7,8,15,2,18,13,0,10,23
Women,2026,8,2026/8/23,A,Preliminary,Tianjin,China,Chinese Taipei,Iraq,3,0,25,25,25,-,-,5,8,11,-,-,3,17,14,1,2,0,14,4,3,21,1,4,3,8,2,2,20,24,2,1,7,10,13,0,14,11,0,10,21
Women,2026,8,2026/8/23,A,Preliminary,Tianjin,China,Iraq,Chinese Taipei,0,3,5,8,11,-,-,25,25,25,-,-,ALL,14,12,1,1,0,12,12,37,61,1,6,6,13,1,2,23,26,5,9,53,67,15,16,44,2,1,66,69
Women,2026,8,2026/8/23,A,Preliminary,Tianjin,China,Iraq,Chinese Taipei,0,3,5,8,11,-,-,25,25,25,-,-,1,2,2,0,0,0,2,5,18,25,0,1,5,6,0,0,6,6,1,3,18,22,8,7,23,1,0,27,28
Women,2026,8,2026/8/23,A,Preliminary,Tianjin,China,Iraq,Chinese Taipei,0,3,5,8,11,-,-,25,25,25,-,-,2,6,6,0,0,0,6,2,8,16,0,4,1,5,0,0,8,8,2,4,17,23,4,3,9,0,0,17,17
Women,2026,8,2026/8/23,A,Preliminary,Tianjin,China,Iraq,Chinese Taipei,0,3,5,8,11,-,-,25,25,25,-,-,3,6,4,1,1,0,4,5,11,20,1,1,0,2,1,2,9,12,2,2,18,22,3,6,12,1,1,22,24
Women,2026,9,2026/8/23,C,Preliminary,Tianjin,China,Japan,Korea,3,0,33,25,25,-,-,31,19,20,-,-,ALL,70,61,7,2,0,61,8,61,130,7,18,31,56,2,13,67,82,12,3,49,64,63,12,87,43,1,84,128
Women,2026,9,2026/8/23,C,Preliminary,Tianjin,China,Japan,Korea,3,0,33,25,25,-,-,31,19,20,-,-,1,26,24,2,0,0,24,4,24,52,2,9,11,22,0,4,29,33,5,1,21,27,23,6,35,16,1,35,52
Women,2026,9,2026/8/23,C,Preliminary,Tianjin,China,Japan,Korea,3,0,33,25,25,-,-,31,19,20,-,-,2,23,19,3,1,0,19,2,18,39,3,6,8,17,1,6,17,24,3,0,15,18,19,1,24,16,0,22,38
Women,2026,9,2026/8/23,C,Preliminary,Tianjin,China,Japan,Korea,3,0,33,25,25,-,-,31,19,20,-,-,3,21,18,2,1,0,18,2,19,39,2,3,12,17,1,3,21,25,4,2,13,19,21,5,28,11,0,27,38
Women,2026,9,2026/8/23,C,Preliminary,Tianjin,China,Korea,Japan,0,3,31,19,20,-,-,33,25,25,-,-,ALL,51,43,5,3,0,43,13,66,122,5,20,24,49,3,7,61,71,15,2,52,69,48,17,89,24,0,99,123
Women,2026,9,2026/8/23,C,Preliminary,Tianjin,China,Korea,Japan,0,3,31,19,20,-,-,33,25,25,-,-,1,23,19,3,1,0,19,5,28,52,3,7,8,18,1,4,26,31,9,0,20,29,20,3,30,10,0,41,51
Women,2026,9,2026/8/23,C,Preliminary,Tianjin,China,Korea,Japan,0,3,31,19,20,-,-,33,25,25,-,-,2,12,11,1,0,0,11,3,18,32,1,6,6,13,0,2,18,20,3,1,14,18,14,8,32,8,0,26,34
Women,2026,9,2026/8/23,C,Preliminary,Tianjin,China,Korea,Japan,0,3,31,19,20,-,-,33,25,25,-,-,3,16,13,1,2,0,13,5,20,38,1,7,10,18,2,1,17,20,3,1,18,22,14,6,27,6,0,32,38
Women,2026,10,2026/8/24,C,Preliminary,Tianjin,China,Vietnam,"Hong Kong, China",3,0,25,25,25,-,-,19,12,11,-,-,ALL,57,42,7,8,0,42,12,64,118,7,7,21,35,8,3,62,73,3,1,35,39,68,8,90,23,1,90,114
Women,2026,10,2026/8/24,C,Preliminary,Tianjin,China,Vietnam,"Hong Kong, China",3,0,25,25,25,-,-,19,12,11,-,-,1,19,17,0,2,0,17,7,24,48,0,5,7,12,2,1,21,24,3,1,14,18,23,4,35,8,0,37,45
Women,2026,10,2026/8/24,C,Preliminary,Tianjin,China,Vietnam,"Hong Kong, China",3,0,25,25,25,-,-,19,12,11,-,-,2,19,12,4,3,0,12,3,19,34,4,1,8,13,3,0,22,25,0,0,11,11,22,3,28,10,1,23,34
Women,2026,10,2026/8/24,C,Preliminary,Tianjin,China,Vietnam,"Hong Kong, China",3,0,25,25,25,-,-,19,12,11,-,-,3,19,13,3,3,0,13,2,21,36,3,1,6,10,3,2,19,24,0,0,10,10,23,1,27,5,0,30,35
Women,2026,10,2026/8/24,C,Preliminary,Tianjin,China,"Hong Kong, China",Vietnam,0,3,19,12,11,-,-,25,25,25,-,-,ALL,32,25,6,1,0,25,18,70,113,6,13,29,48,1,5,38,44,14,8,48,70,48,14,80,30,1,82,113
Women,2026,10,2026/8/24,C,Preliminary,Tianjin,China,"Hong Kong, China",Vietnam,0,3,19,12,11,-,-,25,25,25,-,-,1,13,10,2,1,0,10,4,24,38,2,5,13,20,1,2,17,20,5,2,16,23,15,4,28,14,0,24,38
Women,2026,10,2026/8/24,C,Preliminary,Tianjin,China,"Hong Kong, China",Vietnam,0,3,19,12,11,-,-,25,25,25,-,-,2,10,8,2,0,0,8,8,23,39,2,5,8,15,0,1,11,12,7,3,15,25,15,3,24,9,0,29,38
Women,2026,10,2026/8/24,C,Preliminary,Tianjin,China,"Hong Kong, China",Vietnam,0,3,19,12,11,-,-,25,25,25,-,-,3,9,7,2,0,0,7,6,23,36,2,3,8,13,0,2,10,12,2,3,17,22,18,7,28,7,1,29,37
Women,2026,11,2026/8/24,B,Preliminary,Tianjin,China,Thailand,Indonesia,3,0,25,25,25,-,-,16,18,15,-,-,ALL,61,48,7,6,0,48,5,50,103,7,14,21,42,6,7,61,74,12,1,32,45,48,9,80,33,3,73,109
Women,2026,11,2026/8/24,B,Preliminary,Tianjin,China,Thailand,Indonesia,3,0,25,25,25,-,-,16,18,15,-,-,1,20,16,3,1,0,16,1,12,29,3,7,5,15,1,4,20,25,5,0,8,13,15,2,20,10,1,19,30
Women,2026,11,2026/8/24,B,Preliminary,Tianjin,China,Thailand,Indonesia,3,0,25,25,25,-,-,16,18,15,-,-,2,20,18,1,1,0,18,3,11,32,1,5,7,13,1,1,22,24,5,0,12,17,14,4,24,11,0,23,34
Women,2026,11,2026/8/24,B,Preliminary,Tianjin,China,Thailand,Indonesia,3,0,25,25,25,-,-,16,18,15,-,-,3,21,14,3,4,0,14,1,27,42,3,2,9,14,4,2,19,25,2,1,12,15,19,3,36,12,2,31,45
Women,2026,11,2026/8/24,B,Preliminary,Tianjin,China,Indonesia,Thailand,0,3,16,18,15,-,-,25,25,25,-,-,ALL,36,33,2,1,0,33,13,56,102,2,22,25,49,1,5,44,50,17,6,44,67,42,14,66,34,2,73,109
Women,2026,11,2026/8/24,B,Preliminary,Tianjin,China,Indonesia,Thailand,0,3,16,18,15,-,-,25,25,25,-,-,1,11,10,1,0,0,10,3,16,29,1,7,6,14,0,3,13,16,5,1,15,21,11,4,19,9,2,24,35
Women,2026,11,2026/8/24,B,Preliminary,Tianjin,China,Indonesia,Thailand,0,3,16,18,15,-,-,25,25,25,-,-,2,15,14,1,0,0,14,4,19,37,1,8,3,12,0,2,17,19,7,1,15,23,14,6,23,15,0,21,36
Women,2026,11,2026/8/24,B,Preliminary,Tianjin,China,Indonesia,Thailand,0,3,16,18,15,-,-,25,25,25,-,-,3,10,9,0,1,0,9,6,21,36,0,7,16,23,1,0,14,15,5,4,14,23,17,4,24,10,0,28,38
Women,2026,12,2026/8/24,A,Preliminary,Tianjin,China,China,Iran,3,0,25,25,25,-,-,14,23,14,-,-,ALL,56,42,11,3,0,42,9,40,91,11,14,14,39,3,6,64,73,12,2,32,46,38,4,52,29,0,59,88
Women,2026,12,2026/8/24,A,Preliminary,Tianjin,China,China,Iran,3,0,25,25,25,-,-,14,23,14,-,-,1,19,12,5,2,0,12,4,15,31,5,3,5,13,2,0,22,24,3,0,10,13,15,2,19,9,0,20,29
Women,2026,12,2026/8/24,A,Preliminary,Tianjin,China,China,Iran,3,0,25,25,25,-,-,14,23,14,-,-,2,17,15,2,0,0,15,2,12,29,2,8,5,15,0,5,20,25,6,2,11,19,8,1,13,12,0,15,27
Women,2026,12,2026/8/24,A,Preliminary,Tianjin,China,China,Iran,3,0,25,25,25,-,-,14,23,14,-,-,3,20,15,4,1,0,15,3,13,31,4,3,4,11,1,1,22,24,3,0,11,14,15,1,20,8,0,24,32
Women,2026,12,2026/8/24,A,Preliminary,Tianjin,China,Iran,China,0,3,14,23,14,-,-,25,25,25,-,-,ALL,37,33,2,2,0,33,22,37,92,2,12,13,27,2,6,45,53,21,3,43,67,31,21,71,28,1,68,97
Women,2026,12,2026/8/24,A,Preliminary,Tianjin,China,Iran,China,0,3,14,23,14,-,-,25,25,25,-,-,1,11,10,1,0,0,10,8,14,32,1,5,5,11,0,1,14,15,6,2,16,24,11,6,23,8,1,25,34
Women,2026,12,2026/8/24,A,Preliminary,Tianjin,China,Iran,China,0,3,14,23,14,-,-,25,25,25,-,-,2,17,14,1,2,0,14,6,10,30,1,4,4,9,2,4,17,23,7,0,13,20,9,7,24,11,0,20,31
Women,2026,12,2026/8/24,A,Preliminary,Tianjin,China,Iran,China,0,3,14,23,14,-,-,25,25,25,-,-,3,9,9,0,0,0,9,8,13,30,0,3,4,7,0,1,14,15,8,1,14,23,11,8,24,9,0,23,32
Women,2026,13,2026/8/25,B,Preliminary,Tianjin,China,Thailand,Kazakhstan,3,1,25,25,23,25,-,22,16,25,11,-,ALL,76,62,8,6,0,62,16,69,147,8,20,24,52,6,9,82,97,24,3,38,65,70,17,107,48,0,94,142
Women,2026,13,2026/8/25,B,Preliminary,Tianjin,China,Thailand,Kazakhstan,3,1,25,25,23,25,-,22,16,25,11,-,1,18,16,1,1,0,16,5,15,36,1,5,2,8,1,5,19,25,5,0,14,19,12,4,20,13,0,21,34
Women,2026,13,2026/8/25,B,Preliminary,Tianjin,China,Thailand,Kazakhstan,3,1,25,25,23,25,-,22,16,25,11,-,2,20,14,4,2,0,14,4,18,36,4,5,11,20,2,1,21,24,5,0,11,16,19,4,28,12,0,22,34
Women,2026,13,2026/8/25,B,Preliminary,Tianjin,China,Thailand,Kazakhstan,3,1,25,25,23,25,-,22,16,25,11,-,3,18,17,0,1,0,17,5,21,43,0,7,3,10,1,3,20,24,11,3,8,22,19,5,29,12,0,29,41
Women,2026,13,2026/8/25,B,Preliminary,Tianjin,China,Thailand,Kazakhstan,3,1,25,25,23,25,-,22,16,25,11,-,4,20,15,3,2,0,15,2,15,32,3,3,8,14,2,0,22,24,3,0,5,8,20,4,30,11,0,22,33
Women,2026,13,2026/8/25,B,Preliminary,Tianjin,China,Kazakhstan,Thailand,1,3,22,16,25,11,-,25,25,23,25,-,ALL,57,44,10,3,0,44,18,67,129,10,25,28,63,3,10,62,75,24,6,58,88,54,21,100,37,2,101,140
Women,2026,13,2026/8/25,B,Preliminary,Tianjin,China,Kazakhstan,Thailand,1,3,22,16,25,11,-,25,25,23,25,-,1,13,11,2,0,0,11,4,13,28,2,4,6,12,0,3,19,22,7,1,12,20,12,7,22,11,1,19,31
Women,2026,13,2026/8/25,B,Preliminary,Tianjin,China,Kazakhstan,Thailand,1,3,22,16,25,11,-,25,25,23,25,-,2,14,11,3,0,0,11,7,23,41,3,0,8,11,0,1,16,17,6,2,15,23,20,7,33,14,1,28,43
Women,2026,13,2026/8/25,B,Preliminary,Tianjin,China,Kazakhstan,Thailand,1,3,22,16,25,11,-,25,25,23,25,-,3,20,13,4,3,0,13,3,13,29,4,13,9,26,3,2,19,24,6,1,14,21,12,2,21,5,0,26,31
Women,2026,13,2026/8/25,B,Preliminary,Tianjin,China,Kazakhstan,Thailand,1,3,22,16,25,11,-,25,25,23,25,-,4,10,9,1,0,0,9,4,18,31,1,8,5,14,0,4,8,12,5,2,17,24,10,5,24,7,0,28,35
Women,2026,14,2026/8/25,A,Preliminary,Tianjin,China,Iran,Iraq,3,0,25,25,25,-,-,4,7,5,-,-,ALL,56,35,15,6,0,35,5,19,59,15,3,13,31,6,0,68,74,6,0,9,15,42,3,51,21,1,41,63
Women,2026,14,2026/8/25,A,Preliminary,Tianjin,China,Iran,Iraq,3,0,25,25,25,-,-,4,7,5,-,-,1,19,11,5,3,0,11,1,4,16,5,2,3,10,3,0,22,25,1,0,2,3,14,0,14,6,0,11,17
Women,2026,14,2026/8/25,A,Preliminary,Tianjin,China,Iran,Iraq,3,0,25,25,25,-,-,4,7,5,-,-,2,18,13,4,1,0,13,2,10,25,4,1,6,11,1,0,23,24,1,0,6,7,16,1,22,8,1,19,28
Women,2026,14,2026/8/25,A,Preliminary,Tianjin,China,Iran,Iraq,3,0,25,25,25,-,-,4,7,5,-,-,3,19,11,6,2,0,11,2,5,18,6,0,4,10,2,0,23,25,4,0,1,5,12,2,15,7,0,11,18
Women,2026,14,2026/8/25,A,Preliminary,Tianjin,China,Iraq,Iran,0,3,4,7,5,-,-,25,25,25,-,-,ALL,11,10,1,0,0,10,28,38,76,1,5,5,11,0,2,15,17,7,6,61,74,16,10,37,11,4,72,87
Women,2026,14,2026/8/25,A,Preliminary,Tianjin,China,Iraq,Iran,0,3,4,7,5,-,-,25,25,25,-,-,1,3,3,0,0,0,3,10,10,23,0,1,0,1,0,1,3,4,2,3,20,25,5,3,10,5,0,21,26
Women,2026,14,2026/8/25,A,Preliminary,Tianjin,China,Iraq,Iran,0,3,4,7,5,-,-,25,25,25,-,-,2,5,4,1,0,0,4,8,17,29,1,2,4,7,0,1,7,8,1,1,22,24,6,3,14,3,2,27,32
Women,2026,14,2026/8/25,A,Preliminary,Tianjin,China,Iraq,Iran,0,3,4,7,5,-,-,25,25,25,-,-,3,3,3,0,0,0,3,10,11,24,0,2,1,3,0,0,5,5,4,2,19,25,5,4,13,3,2,24,29
Women,2026,15,2026/8/25,C,Preliminary,Tianjin,China,Japan,Vietnam,3,0,25,25,25,-,-,23,17,21,-,-,ALL,60,48,6,6,0,48,12,48,108,6,13,23,42,6,7,61,74,14,2,39,55,51,6,68,33,0,75,108
Women,2026,15,2026/8/25,C,Preliminary,Tianjin,China,Japan,Vietnam,3,0,25,25,25,-,-,23,17,21,-,-,1,22,17,1,4,0,17,6,14,37,1,6,5,12,4,1,20,25,6,0,15,21,16,3,19,10,0,26,36
Women,2026,15,2026/8/25,C,Preliminary,Tianjin,China,Japan,Vietnam,3,0,25,25,25,-,-,23,17,21,-,-,2,18,15,3,0,0,15,3,13,31,3,2,8,13,0,5,19,24,2,1,12,15,14,1,22,9,0,22,31
Women,2026,15,2026/8/25,C,Preliminary,Tianjin,China,Japan,Vietnam,3,0,25,25,25,-,-,23,17,21,-,-,3,20,16,2,2,0,16,3,21,40,2,5,10,17,2,1,22,25,6,1,12,19,21,2,27,14,0,27,41
Women,2026,15,2026/8/25,C,Preliminary,Tianjin,China,Vietnam,Japan,0,3,23,17,21,-,-,25,25,25,-,-,ALL,45,39,4,2,0,39,12,59,110,4,16,14,34,2,7,53,62,6,6,55,67,40,12,70,24,2,84,110
Women,2026,15,2026/8/25,C,Preliminary,Tianjin,China,Vietnam,Japan,0,3,23,17,21,-,-,25,25,25,-,-,1,18,15,3,0,0,15,1,15,31,3,6,2,11,0,2,21,23,2,4,18,24,13,6,21,8,1,23,32
Women,2026,15,2026/8/25,C,Preliminary,Tianjin,China,Vietnam,Japan,0,3,23,17,21,-,-,25,25,25,-,-,2,9,8,0,1,0,8,6,18,32,0,6,2,8,1,3,14,18,3,0,16,19,8,3,20,5,1,25,31
Women,2026,15,2026/8/25,C,Preliminary,Tianjin,China,Vietnam,Japan,0,3,23,17,21,-,-,25,25,25,-,-,3,18,16,1,1,0,16,5,26,47,1,4,10,15,1,2,18,21,1,2,21,24,19,3,29,11,0,36,47
Women,2026,16,2026/8/26,C,Preliminary,Tianjin,China,Korea,"Hong Kong, China",3,1,20,25,25,25,-,25,15,11,18,-,ALL,69,47,13,9,0,47,18,65,130,13,10,26,49,9,9,76,94,19,4,36,59,67,18,103,31,1,103,135
Women,2026,16,2026/8/26,C,Preliminary,Tianjin,China,Korea,"Hong Kong, China",3,1,20,25,25,25,-,25,15,11,18,-,1,14,11,3,0,0,11,9,26,46,3,6,10,19,0,1,19,20,6,1,15,22,22,5,32,7,0,41,48
Women,2026,16,2026/8/26,C,Preliminary,Tianjin,China,Korea,"Hong Kong, China",3,1,20,25,25,25,-,25,15,11,18,-,2,20,12,5,3,0,12,3,11,26,5,2,6,13,3,1,21,25,5,2,7,14,13,5,22,6,0,22,28
Women,2026,16,2026/8/26,C,Preliminary,Tianjin,China,Korea,"Hong Kong, China",3,1,20,25,25,25,-,25,15,11,18,-,3,15,8,2,5,0,8,3,8,19,2,1,4,7,5,2,17,24,3,0,4,7,12,4,18,6,0,14,20
Women,2026,16,2026/8/26,C,Preliminary,Tianjin,China,Korea,"Hong Kong, China",3,1,20,25,25,25,-,25,15,11,18,-,4,20,16,3,1,0,16,3,20,39,3,1,6,10,1,5,19,25,5,1,10,16,20,4,31,12,1,26,39
Women,2026,16,2026/8/26,C,Preliminary,Tianjin,China,"Hong Kong, China",Korea,1,3,25,15,11,18,-,20,25,25,25,-,ALL,45,37,4,4,0,37,24,72,133,4,15,26,45,4,11,55,70,27,9,49,85,50,16,87,42,3,95,140
Women,2026,16,2026/8/26,C,Preliminary,Tianjin,China,"Hong Kong, China",Korea,1,3,25,15,11,18,-,20,25,25,25,-,1,18,14,3,1,0,14,5,26,45,3,4,9,16,1,3,21,25,8,0,11,19,22,5,38,13,1,35,49
Women,2026,16,2026/8/26,C,Preliminary,Tianjin,China,"Hong Kong, China",Korea,1,3,25,15,11,18,-,20,25,25,25,-,2,11,9,0,2,0,9,7,16,32,0,6,3,9,2,1,12,15,8,3,13,24,8,3,16,10,1,22,33
Women,2026,16,2026/8/26,C,Preliminary,Tianjin,China,"Hong Kong, China",Korea,1,3,25,15,11,18,-,20,25,25,25,-,3,6,6,0,0,0,6,7,12,25,0,1,4,5,0,5,7,12,6,5,11,22,8,3,12,7,0,18,25
Women,2026,16,2026/8/26,C,Preliminary,Tianjin,China,"Hong Kong, China",Korea,1,3,25,15,11,18,-,20,25,25,25,-,4,10,8,1,1,0,8,5,18,31,1,4,10,15,1,2,15,18,5,1,14,20,12,5,21,12,1,20,33
Women,2026,17,2026/8/26,B,Preliminary,Tianjin,China,Indonesia,Australia,3,0,25,25,25,-,-,18,17,21,-,-,ALL,61,51,7,3,0,51,21,39,111,7,11,12,30,3,8,63,74,12,1,39,52,51,6,77,30,2,78,110
Women,2026,17,2026/8/26,B,Preliminary,Tianjin,China,Indonesia,Australia,3,0,25,25,25,-,-,18,17,21,-,-,1,20,18,2,0,0,18,5,7,30,2,5,5,12,0,4,21,25,4,0,13,17,10,2,18,9,0,22,31
Women,2026,17,2026/8/26,B,Preliminary,Tianjin,China,Indonesia,Australia,3,0,25,25,25,-,-,18,17,21,-,-,2,21,16,3,2,0,16,9,19,44,3,1,5,9,2,2,20,24,5,1,10,16,24,1,33,11,1,29,41
Women,2026,17,2026/8/26,B,Preliminary,Tianjin,China,Indonesia,Australia,3,0,25,25,25,-,-,18,17,21,-,-,3,20,17,2,1,0,17,7,13,37,2,5,2,9,1,2,22,25,3,0,16,19,17,3,26,10,1,27,38
Women,2026,17,2026/8/26,B,Preliminary,Tianjin,China,Australia,Indonesia,0,3,18,17,21,-,-,25,25,25,-,-,ALL,37,24,12,1,0,24,12,55,91,12,17,16,45,1,5,51,57,14,3,49,66,28,14,57,34,1,58,93
Women,2026,17,2026/8/26,B,Preliminary,Tianjin,China,Australia,Indonesia,0,3,18,17,21,-,-,25,25,25,-,-,1,13,9,4,0,0,9,4,14,27,4,7,2,13,0,1,17,18,3,0,18,21,4,5,13,10,0,17,27
Women,2026,17,2026/8/26,B,Preliminary,Tianjin,China,Australia,Indonesia,0,3,18,17,21,-,-,25,25,25,-,-,2,10,4,5,1,0,4,5,27,36,5,5,6,16,1,2,15,18,3,2,17,22,16,3,27,12,0,24,36
Women,2026,17,2026/8/26,B,Preliminary,Tianjin,China,Australia,Indonesia,0,3,18,17,21,-,-,25,25,25,-,-,3,14,11,3,0,0,11,3,14,28,3,5,8,16,0,2,19,21,8,1,14,23,8,6,17,12,1,17,30
Women,2026,18,2026/8/26,A,Preliminary,Tianjin,China,China,Chinese Taipei,3,0,25,25,25,-,-,17,16,7,-,-,ALL,54,40,11,3,0,40,5,42,87,11,15,19,45,3,4,66,73,19,2,16,37,47,5,67,15,2,70,87
Women,2026,18,2026/8/26,A,Preliminary,Tianjin,China,China,Chinese Taipei,3,0,25,25,25,-,-,17,16,7,-,-,1,14,11,2,1,0,11,2,15,28,2,7,7,16,1,2,21,24,5,2,7,14,14,3,24,2,0,26,28
Women,2026,18,2026/8/26,A,Preliminary,Tianjin,China,China,Chinese Taipei,3,0,25,25,25,-,-,17,16,7,-,-,2,18,13,5,0,0,13,2,14,29,5,6,2,13,0,0,25,25,8,0,7,15,12,1,17,9,1,18,28
Women,2026,18,2026/8/26,A,Preliminary,Tianjin,China,China,Chinese Taipei,3,0,25,25,25,-,-,17,16,7,-,-,3,22,16,4,2,0,16,1,13,30,4,2,10,16,2,2,20,24,6,0,2,8,21,1,26,4,1,26,31
Women,2026,18,2026/8/26,A,Preliminary,Tianjin,China,Chinese Taipei,China,0,3,17,16,7,-,-,25,25,25,-,-,ALL,28,25,1,2,0,25,26,62,113,1,7,12,20,2,5,35,42,28,3,38,69,30,13,67,5,1,106,112
Women,2026,18,2026/8/26,A,Preliminary,Tianjin,China,Chinese Taipei,China,0,3,17,16,7,-,-,25,25,25,-,-,1,12,9,1,2,0,9,9,25,43,1,1,6,8,2,4,12,18,9,1,12,22,14,5,24,3,0,38,41
Women,2026,18,2026/8/26,A,Preliminary,Tianjin,China,Chinese Taipei,China,0,3,17,16,7,-,-,25,25,25,-,-,2,13,13,0,0,0,13,10,14,37,0,2,3,5,0,1,15,16,10,0,15,25,10,2,19,2,1,34,37
Women,2026,18,2026/8/26,A,Preliminary,Tianjin,China,Chinese Taipei,China,0,3,17,16,7,-,-,25,25,25,-,-,3,3,3,0,0,0,3,7,23,33,0,4,3,7,0,0,8,8,9,2,11,22,6,6,24,0,0,34,34
Women,2026,19,2026/8/28,Quarter_Finals,Final_Round,Tianjin,China,China,Vietnam,3,0,25,25,25,-,-,15,22,13,-,-,ALL,69,56,6,7,0,56,10,42,108,6,13,23,42,7,4,62,73,21,2,26,49,51,13,71,12,1,90,103
Women,2026,19,2026/8/28,Quarter_Finals,Final_Round,Tianjin,China,China,Vietnam,3,0,25,25,25,-,-,15,22,13,-,-,1,23,19,1,3,0,19,3,16,38,1,3,5,9,3,1,20,24,6,1,8,15,20,6,27,5,0,30,35
Women,2026,19,2026/8/28,Quarter_Finals,Final_Round,Tianjin,China,China,Vietnam,3,0,25,25,25,-,-,15,22,13,-,-,2,22,15,4,3,0,15,3,12,30,4,8,8,20,3,2,20,25,6,1,13,20,11,5,18,5,1,25,31
Women,2026,19,2026/8/28,Quarter_Finals,Final_Round,Tianjin,China,China,Vietnam,3,0,25,25,25,-,-,15,22,13,-,-,3,24,22,1,1,0,22,4,14,40,1,2,10,13,1,1,22,24,9,0,5,14,20,2,26,2,0,35,37
Women,2026,19,2026/8/28,Quarter_Finals,Final_Round,Tianjin,China,Vietnam,China,0,3,15,22,13,-,-,25,25,25,-,-,ALL,38,32,4,2,0,32,9,54,95,4,11,9,24,2,3,47,52,21,7,41,69,25,16,66,12,0,78,90
Women,2026,19,2026/8/28,Quarter_Finals,Final_Round,Tianjin,China,Vietnam,China,0,3,15,22,13,-,-,25,25,25,-,-,1,12,9,2,1,0,9,2,17,28,2,2,1,5,1,1,14,16,2,3,18,23,6,6,24,2,0,24,26
Women,2026,19,2026/8/28,Quarter_Finals,Final_Round,Tianjin,China,Vietnam,China,0,3,15,22,13,-,-,25,25,25,-,-,2,16,15,0,1,0,15,5,14,34,0,3,4,7,1,2,19,22,9,3,11,23,11,6,23,5,0,27,32
Women,2026,19,2026/8/28,Quarter_Finals,Final_Round,Tianjin,China,Vietnam,China,0,3,15,22,13,-,-,25,25,25,-,-,3,10,8,2,0,0,8,2,23,33,2,6,4,12,0,0,14,14,10,1,12,23,8,4,19,5,0,27,32
Women,2026,20,2026/8/28,Quarter_Finals,Final_Round,Tianjin,China,Indonesia,Iran,1,3,25,16,12,17,-,19,25,25,25,-,ALL,55,42,7,6,0,42,24,81,147,7,22,31,60,6,5,61,72,25,2,60,87,47,18,93,30,0,119,149
Women,2026,20,2026/8/28,Quarter_Finals,Final_Round,Tianjin,China,Indonesia,Iran,1,3,25,16,12,17,-,19,25,25,25,-,1,19,12,3,4,0,12,7,14,33,3,6,11,20,4,0,21,25,8,1,7,16,16,2,23,5,0,27,32
Women,2026,20,2026/8/28,Quarter_Finals,Final_Round,Tianjin,China,Indonesia,Iran,1,3,25,16,12,17,-,19,25,25,25,-,2,13,11,1,1,0,11,7,23,41,1,4,6,11,1,3,13,17,8,0,15,23,13,6,29,11,0,32,43
Women,2026,20,2026/8/28,Quarter_Finals,Final_Round,Tianjin,China,Indonesia,Iran,1,3,25,16,12,17,-,19,25,25,25,-,3,12,9,3,0,0,9,4,18,31,3,6,3,12,0,1,11,12,2,1,22,25,5,4,14,7,0,25,32
Women,2026,20,2026/8/28,Quarter_Finals,Final_Round,Tianjin,China,Indonesia,Iran,1,3,25,16,12,17,-,19,25,25,25,-,4,11,10,0,1,0,10,6,26,42,0,6,11,17,1,1,16,18,7,0,16,23,13,6,27,7,0,35,42
Women,2026,20,2026/8/28,Quarter_Finals,Final_Round,Tianjin,China,Iran,Indonesia,3,1,19,25,25,25,-,25,16,12,17,-,ALL,76,61,13,2,0,61,12,70,143,13,21,36,70,2,6,85,93,17,6,44,67,67,11,97,44,2,98,144
Women,2026,20,2026/8/28,Quarter_Finals,Final_Round,Tianjin,China,Iran,Indonesia,3,1,19,25,25,25,-,25,16,12,17,-,1,13,10,2,1,0,10,5,22,37,2,8,6,16,1,4,15,20,5,4,16,25,12,2,19,8,0,29,37
Women,2026,20,2026/8/28,Quarter_Finals,Final_Round,Tianjin,China,Iran,Indonesia,3,1,19,25,25,25,-,25,16,12,17,-,2,19,15,4,0,0,15,2,20,37,4,5,9,18,0,1,23,24,4,1,9,14,19,4,30,13,0,26,39
Women,2026,20,2026/8/28,Quarter_Finals,Final_Round,Tianjin,China,Iran,Indonesia,3,1,19,25,25,25,-,25,16,12,17,-,3,23,19,3,1,0,19,3,8,30,3,3,9,15,1,0,24,25,5,0,6,11,16,2,20,11,0,18,29
Women,2026,20,2026/8/28,Quarter_Finals,Final_Round,Tianjin,China,Iran,Indonesia,3,1,19,25,25,25,-,25,16,12,17,-,4,21,17,4,0,0,17,2,20,39,4,5,12,21,0,1,23,24,3,1,13,17,20,3,28,12,2,25,39
Women,2026,21,2026/8/27,Quarter_Finals,Final_Round,Tianjin,China,Japan,Chinese Taipei,3,0,25,25,25,-,-,14,21,13,-,-,ALL,68,53,11,4,0,53,4,41,98,11,10,26,47,4,7,62,73,21,0,27,48,48,7,66,45,3,54,102
Women,2026,21,2026/8/27,Quarter_Finals,Final_Round,Tianjin,China,Japan,Chinese Taipei,3,0,25,25,25,-,-,14,21,13,-,-,1,22,19,1,2,0,19,1,12,32,1,4,7,12,2,3,19,24,8,0,7,15,17,0,19,15,1,17,33
Women,2026,21,2026/8/27,Quarter_Finals,Final_Round,Tianjin,China,Japan,Chinese Taipei,3,0,25,25,25,-,-,14,21,13,-,-,2,21,17,3,1,0,17,3,15,35,3,5,10,18,1,3,21,25,9,0,10,19,17,2,24,20,1,18,39
Women,2026,21,2026/8/27,Quarter_Finals,Final_Round,Tianjin,China,Japan,Chinese Taipei,3,0,25,25,25,-,-,14,21,13,-,-,3,25,17,7,1,0,17,0,14,31,7,1,9,17,1,1,22,24,4,0,10,14,14,5,23,10,1,19,30
Women,2026,21,2026/8/27,Quarter_Finals,Final_Round,Tianjin,China,Chinese Taipei,Japan,0,3,14,21,13,-,-,25,25,25,-,-,ALL,35,34,1,0,0,34,14,58,106,1,13,12,26,0,2,48,50,17,4,44,65,32,15,63,22,0,84,106
Women,2026,21,2026/8/27,Quarter_Finals,Final_Round,Tianjin,China,Chinese Taipei,Japan,0,3,14,21,13,-,-,25,25,25,-,-,1,9,9,0,0,0,9,3,17,29,0,6,3,9,0,0,15,15,4,2,14,20,7,7,21,5,0,25,30
Women,2026,21,2026/8/27,Quarter_Finals,Final_Round,Tianjin,China,Chinese Taipei,Japan,0,3,14,21,13,-,-,25,25,25,-,-,2,15,14,1,0,0,14,4,23,41,1,3,5,9,0,2,19,21,6,1,15,22,14,3,22,9,0,31,40
Women,2026,21,2026/8/27,Quarter_Finals,Final_Round,Tianjin,China,Chinese Taipei,Japan,0,3,14,21,13,-,-,25,25,25,-,-,3,11,11,0,0,0,11,7,18,36,0,4,4,8,0,0,14,14,7,1,15,23,11,5,20,8,0,28,36
Women,2026,22,2026/8/27,Quarter_Finals,Final_Round,Tianjin,China,Thailand,Korea,3,0,25,25,25,-,-,20,18,21,-,-,ALL,62,51,5,6,0,51,11,47,109,5,19,33,57,6,6,62,74,18,1,37,56,53,11,75,41,2,68,111
Women,2026,22,2026/8/27,Quarter_Finals,Final_Round,Tianjin,China,Thailand,Korea,3,0,25,25,25,-,-,20,18,21,-,-,1,22,20,0,2,0,20,4,16,40,0,4,15,19,2,2,21,25,7,1,10,18,23,4,33,11,2,30,43
Women,2026,22,2026/8/27,Quarter_Finals,Final_Round,Tianjin,China,Thailand,Korea,3,0,25,25,25,-,-,20,18,21,-,-,2,20,16,2,2,0,16,2,22,40,2,9,8,19,2,2,20,24,5,0,13,18,19,3,27,15,0,24,39
Women,2026,22,2026/8/27,Quarter_Finals,Final_Round,Tianjin,China,Thailand,Korea,3,0,25,25,25,-,-,20,18,21,-,-,3,20,15,3,2,0,15,5,9,29,3,6,10,19,2,2,21,25,6,0,14,20,11,4,15,15,0,14,29
Women,2026,22,2026/8/27,Quarter_Finals,Final_Round,Tianjin,China,Korea,Thailand,0,3,20,18,21,-,-,25,25,25,-,-,ALL,45,39,5,1,0,39,13,59,111,5,12,20,37,1,4,55,60,17,6,44,67,41,23,84,30,0,83,113
Women,2026,22,2026/8/27,Quarter_Finals,Final_Round,Tianjin,China,Korea,Thailand,0,3,20,18,21,-,-,25,25,25,-,-,1,13,11,1,1,0,11,1,27,39,1,5,8,14,1,2,17,20,4,2,17,23,14,11,34,13,0,29,42
Women,2026,22,2026/8/27,Quarter_Finals,Final_Round,Tianjin,China,Korea,Thailand,0,3,20,18,21,-,-,25,25,25,-,-,2,16,14,2,0,0,14,6,18,38,2,5,8,15,0,1,18,19,6,2,14,22,18,5,28,12,0,26,38
Women,2026,22,2026/8/27,Quarter_Finals,Final_Round,Tianjin,China,Korea,Thailand,0,3,20,18,21,-,-,25,25,25,-,-,3,16,14,2,0,0,14,6,14,34,2,2,4,8,0,1,20,21,7,2,13,22,9,7,22,5,0,28,33
Women,2026,23,2026/8/29,Semifinals,Final_Round,Tianjin,China,China,Iran,3,0,25,25,25,-,-,22,12,19,-,-,ALL,66,52,13,1,0,52,5,49,106,13,12,21,46,1,7,66,74,18,1,31,50,51,13,73,27,0,76,103
Women,2026,23,2026/8/29,Semifinals,Final_Round,Tianjin,China,China,Iran,3,0,25,25,25,-,-,22,12,19,-,-,1,25,19,6,0,0,19,2,18,39,6,4,9,19,0,3,22,25,7,0,15,22,17,4,23,10,0,29,39
Women,2026,23,2026/8/29,Semifinals,Final_Round,Tianjin,China,China,Iran,3,0,25,25,25,-,-,22,12,19,-,-,2,19,13,6,0,0,13,1,14,28,6,4,7,17,0,1,23,24,3,0,7,10,17,5,24,7,0,21,28
Women,2026,23,2026/8/29,Semifinals,Final_Round,Tianjin,China,China,Iran,3,0,25,25,25,-,-,22,12,19,-,-,3,22,20,1,1,0,20,2,17,39,1,4,5,10,1,3,21,25,8,1,9,18,17,4,26,10,0,26,36
Women,2026,23,2026/8/29,Semifinals,Final_Round,Tianjin,China,Iran,China,0,3,22,12,19,-,-,25,25,25,-,-,ALL,43,40,2,1,0,40,18,52,110,2,10,17,29,1,4,49,54,21,1,45,67,41,19,73,14,0,95,109
Women,2026,23,2026/8/29,Semifinals,Final_Round,Tianjin,China,Iran,China,0,3,22,12,19,-,-,25,25,25,-,-,1,18,17,1,0,0,17,6,18,41,1,2,5,8,0,0,22,22,7,0,15,22,16,7,28,4,0,37,41
Women,2026,23,2026/8/29,Semifinals,Final_Round,Tianjin,China,Iran,China,0,3,22,12,19,-,-,25,25,25,-,-,2,11,10,1,0,0,10,9,18,37,1,2,4,7,0,3,10,13,11,0,12,23,14,4,22,5,0,31,36
Women,2026,23,2026/8/29,Semifinals,Final_Round,Tianjin,China,Iran,China,0,3,22,12,19,-,-,25,25,25,-,-,3,14,13,0,1,0,13,3,16,32,0,6,8,14,1,1,17,19,3,1,18,22,11,8,23,5,0,27,32
Women,2026,24,2026/8/29,Semifinals,Final_Round,Tianjin,China,Japan,Thailand,1,3,21,20,25,20,-,25,25,20,25,-,ALL,72,61,9,2,0,61,26,90,177,9,18,38,65,2,9,76,87,40,0,47,87,64,19,121,49,2,127,178
Women,2026,24,2026/8/29,Semifinals,Final_Round,Tianjin,China,Japan,Thailand,1,3,21,20,25,20,-,25,25,20,25,-,1,18,17,1,0,0,17,7,22,46,1,7,6,14,0,1,21,22,8,0,14,22,15,4,30,13,0,33,46
Women,2026,24,2026/8/29,Semifinals,Final_Round,Tianjin,China,Japan,Thailand,1,3,21,20,25,20,-,25,25,20,25,-,2,20,16,4,0,0,16,6,27,49,4,4,12,20,0,3,17,20,12,0,13,25,17,7,37,19,1,30,50
Women,2026,24,2026/8/29,Semifinals,Final_Round,Tianjin,China,Japan,Thailand,1,3,21,20,25,20,-,25,25,20,25,-,3,19,15,3,1,0,15,4,17,36,3,4,9,16,1,4,20,25,6,0,11,17,15,2,22,9,1,27,37
Women,2026,24,2026/8/29,Semifinals,Final_Round,Tianjin,China,Japan,Thailand,1,3,21,20,25,20,-,25,25,20,25,-,4,15,13,1,1,0,13,9,24,46,1,3,11,15,1,1,18,20,14,0,9,23,17,6,32,8,0,37,45
Women,2026,24,2026/8/29,Semifinals,Final_Round,Tianjin,China,Thailand,Japan,3,1,25,25,20,25,-,21,20,25,20,-,ALL,67,57,10,0,0,57,15,85,157,10,20,40,70,0,7,87,94,22,2,54,78,55,22,113,44,1,111,156
Women,2026,24,2026/8/29,Semifinals,Final_Round,Tianjin,China,Thailand,Japan,3,1,25,25,20,25,-,21,20,25,20,-,1,19,17,2,0,0,17,2,19,38,2,6,9,17,0,2,22,24,3,0,18,21,7,7,27,7,0,28,35
Women,2026,24,2026/8/29,Semifinals,Final_Round,Tianjin,China,Thailand,Japan,3,1,25,25,20,25,-,21,20,25,20,-,2,15,14,1,0,0,14,4,27,45,1,7,11,19,0,0,25,25,3,0,14,17,21,4,33,15,0,31,46
Women,2026,24,2026/8/29,Semifinals,Final_Round,Tianjin,China,Thailand,Japan,3,1,25,25,20,25,-,21,20,25,20,-,3,12,11,1,0,0,11,5,16,32,1,3,10,14,0,3,17,20,7,1,13,21,9,5,21,11,1,21,33
Women,2026,24,2026/8/29,Semifinals,Final_Round,Tianjin,China,Thailand,Japan,3,1,25,25,20,25,-,21,20,25,20,-,4,21,15,6,0,0,15,4,23,42,6,4,10,20,0,2,23,25,9,1,9,19,18,6,32,11,0,31,42
Women,2026,25,2026/8/30,3rd_Place,Final_Round,Tianjin,China,Iran,Japan,0,3,21,16,24,-,-,25,25,26,-,-,ALL,48,41,4,3,0,41,16,59,116,4,9,15,28,3,4,56,63,15,4,48,67,37,13,79,0,0,120,120
Women,2026,25,2026/8/30,3rd_Place,Final_Round,Tianjin,China,Iran,Japan,0,3,21,16,24,-,-,25,25,26,-,-,1,16,15,0,1,0,15,4,24,43,0,4,8,12,1,3,18,22,5,1,15,21,19,5,35,0,0,47,47
Women,2026,25,2026/8/30,3rd_Place,Final_Round,Tianjin,China,Iran,Japan,0,3,21,16,24,-,-,25,25,26,-,-,2,13,10,2,1,0,10,4,21,35,2,2,3,7,1,0,15,16,6,3,15,24,9,5,22,0,0,37,37
Women,2026,25,2026/8/30,3rd_Place,Final_Round,Tianjin,China,Iran,Japan,0,3,21,16,24,-,-,25,25,26,-,-,3,19,16,2,1,0,16,8,14,38,2,3,4,9,1,1,23,25,4,0,18,22,9,3,22,0,0,36,36
Women,2026,25,2026/8/30,3rd_Place,Final_Round,Tianjin,China,Japan,Iran,3,0,25,25,26,-,-,21,16,24,-,-,ALL,61,50,7,4,0,50,7,50,107,7,19,28,54,4,7,63,74,28,3,28,59,48,11,71,0,1,105,106
Women,2026,25,2026/8/30,3rd_Place,Final_Round,Tianjin,China,Japan,Iran,3,0,25,25,26,-,-,21,16,24,-,-,1,18,16,1,1,0,16,1,23,40,1,7,12,20,1,3,20,24,6,1,12,19,21,5,31,0,1,38,39
Women,2026,25,2026/8/30,3rd_Place,Final_Round,Tianjin,China,Japan,Iran,3,0,25,25,26,-,-,21,16,24,-,-,2,23,17,3,3,0,17,4,12,33,3,2,10,15,3,1,21,25,9,1,6,16,15,2,21,0,0,33,33
Women,2026,25,2026/8/30,3rd_Place,Final_Round,Tianjin,China,Japan,Iran,3,0,25,25,26,-,-,21,16,24,-,-,3,20,17,3,0,0,17,2,15,34,3,10,6,19,0,3,22,25,13,1,10,24,12,4,19,0,0,34,34
Women,2026,26,2026/8/30,Final,Final_Round,Tianjin,China,China,Thailand,2,3,20,25,25,18,10,25,11,23,25,15,ALL,74,59,11,4,0,59,21,69,149,11,33,40,84,4,3,92,99,14,5,72,91,53,11,85,39,0,110,149
Women,2026,26,2026/8/30,Final,Final_Round,Tianjin,China,China,Thailand,2,3,20,25,25,18,10,25,11,23,25,15,1,15,12,2,1,0,12,6,18,36,2,7,9,18,1,1,19,21,4,2,16,22,13,3,19,12,0,23,35
Women,2026,26,2026/8/30,Final,Final_Round,Tianjin,China,China,Thailand,2,3,20,25,25,18,10,25,11,23,25,15,2,22,14,5,3,0,14,3,6,23,5,5,6,16,3,0,21,24,2,0,9,11,11,1,19,7,0,16,23
Women,2026,26,2026/8/30,Final,Final_Round,Tianjin,China,China,Thailand,2,3,20,25,25,18,10,25,11,23,25,15,3,18,16,2,0,0,16,4,11,31,2,6,10,18,0,2,23,25,3,1,16,20,9,2,14,7,0,23,30
Women,2026,26,2026/8/30,Final,Final_Round,Tianjin,China,China,Thailand,2,3,20,25,25,18,10,25,11,23,25,15,4,14,12,2,0,0,12,5,22,39,2,9,10,21,0,0,18,18,4,0,20,24,14,5,24,8,0,32,40
Women,2026,26,2026/8/30,Final,Final_Round,Tianjin,China,China,Thailand,2,3,20,25,25,18,10,25,11,23,25,15,5,5,5,0,0,0,5,3,12,20,0,6,5,11,0,0,11,11,1,2,11,14,6,0,9,5,0,16,21
Women,2026,26,2026/8/30,Final,Final_Round,Tianjin,China,Thailand,China,3,2,25,11,23,25,15,20,25,25,18,10,ALL,83,68,10,5,0,68,27,79,174,10,22,28,60,5,7,86,98,35,4,57,96,69,17,107,51,0,125,176
Women,2026,26,2026/8/30,Final,Final_Round,Tianjin,China,Thailand,China,3,2,25,11,23,25,15,20,25,25,18,10,1,20,16,2,2,0,16,5,17,38,2,4,7,13,2,2,20,24,7,1,12,20,16,4,25,12,0,26,38
Women,2026,26,2026/8/30,Final,Final_Round,Tianjin,China,Thailand,China,3,2,25,11,23,25,15,20,25,25,18,10,2,9,8,1,0,0,8,7,19,34,1,2,3,6,0,1,11,12,8,3,13,24,10,5,17,9,0,23,32
Women,2026,26,2026/8/30,Final,Final_Round,Tianjin,China,Thailand,China,3,2,25,11,23,25,15,20,25,25,18,10,3,19,16,2,1,0,16,6,14,36,2,6,6,14,1,3,19,23,7,0,16,23,10,5,21,11,0,26,37
Women,2026,26,2026/8/30,Final,Final_Round,Tianjin,China,Thailand,China,3,2,25,11,23,25,15,20,25,25,18,10,4,23,20,3,0,0,20,4,19,43,3,9,7,19,0,1,24,25,6,0,12,18,22,1,30,12,0,34,46
Women,2026,26,2026/8/30,Final,Final_Round,Tianjin,China,Thailand,China,3,2,25,11,23,25,15,20,25,25,18,10,5,12,8,2,2,0,8,5,10,23,2,1,5,8,2,0,12,14,7,0,4,11,11,2,14,7,0,16,23
